[0.000000] (-) TimerEvent: {}
[0.000286] (easy_bot) JobQueued: {'identifier': 'easy_bot', 'dependencies': OrderedDict()}
[0.000331] (easy_bot) JobStarted: {'identifier': 'easy_bot'}
[0.006758] (easy_bot) JobProgress: {'identifier': 'easy_bot', 'progress': 'cmake'}
[0.007163] (easy_bot) JobProgress: {'identifier': 'easy_bot', 'progress': 'build'}
[0.007640] (easy_bot) Command: {'cmd': ['/usr/bin/cmake', '--build', '/home/kmra/ros2/easy_bot/ros_ws/build/easy_bot', '--', '-j4', '-l4'], 'cwd': '/home/kmra/ros2/easy_bot/ros_ws/build/easy_bot', 'env': OrderedDict([('GJS_DEBUG_TOPICS', 'JS ERROR;JS LOG'), ('PYTHON_BASIC_REPL', '1'), ('LESSOPEN', '| /usr/bin/lesspipe %s'), ('LANGUAGE', 'zh_CN:zh'), ('USER', 'kmra'), ('XDG_SESSION_TYPE', 'wayland'), ('GIT_ASKPASS', '/usr/share/code/resources/app/extensions/git/dist/askpass.sh'), ('SHLVL', '1'), ('LD_LIBRARY_PATH', '/usr/lib/x86_64-linux-gnu/gazebo-11/plugins:/opt/ros/humble/opt/rviz_ogre_vendor/lib:/opt/ros/humble/lib/x86_64-linux-gnu:/opt/ros/humble/lib'), ('HOME', '/home/kmra'), ('CHROME_DESKTOP', 'code.desktop'), ('OLDPWD', '/home/kmra/ros2/easy_bot/ros_ws/src'), ('TERM_PROGRAM_VERSION', '1.113.0'), ('DESKTOP_SESSION', 'ubuntu'), ('GIO_LAUNCHED_DESKTOP_FILE', '/usr/share/applications/code.desktop'), ('ROS_PYTHON_VERSION', '3'), ('GNOME_SHELL_SESSION_MODE', 'ubuntu'), ('GTK_MODULES', 'gail:atk-bridge'), ('VSCODE_GIT_ASKPASS_MAIN', '/usr/share/code/resources/app/extensions/git/dist/askpass-main.js'), ('VSCODE_GIT_ASKPASS_NODE', '/usr/share/code/code'), ('MANAGERPID', '1584'), ('PYDEVD_DISABLE_FILE_VALIDATION', '1'), ('SYSTEMD_EXEC_PID', '1741'), ('BUNDLED_DEBUGPY_PATH', '/home/kmra/.vscode/extensions/ms-python.debugpy-2025.18.0-linux-x64/bundled/libs/debugpy'), ('IM_CONFIG_CHECK_ENV', '1'), ('VSCODE_PYTHON_AUTOACTIVATE_GUARD', '1'), ('DBUS_SESSION_BUS_ADDRESS', 'unix:path=/run/user/1000/bus'), ('COLORTERM', 'truecolor'), ('GIO_LAUNCHED_DESKTOP_FILE_PID', '2706'), ('IM_CONFIG_PHASE', '1'), ('WAYLAND_DISPLAY', 'wayland-0'), ('COLCON_PREFIX_PATH', '/home/kmra/ros2/easy_bot/ros_ws/install'), ('ROS_DISTRO', 'humble'), ('LOGNAME', 'kmra'), ('JOURNAL_STREAM', '8:24184'), ('_', '/usr/bin/colcon'), ('ROS_VERSION', '2'), ('XDG_SESSION_CLASS', 'user'), ('USERNAME', 'kmra'), ('TERM', 'xterm-256color'), ('GNOME_DESKTOP_SESSION_ID', 'this-is-deprecated'), ('FC_FONTATIONS', '1'), ('ROS_LOCALHOST_ONLY', '0'), ('PATH', '/opt/ros/humble/bin:/usr/local/sbin:/usr/local/bin:/usr/sbin:/usr/bin:/sbin:/bin:/usr/games:/usr/local/games:/snap/bin:/snap/bin:/home/kmra/.vscode/extensions/ms-python.debugpy-2025.18.0-linux-x64/bundled/scripts/noConfigScripts'), ('SESSION_MANAGER', 'local/Yuki:@/tmp/.ICE-unix/1717,unix/Yuki:/tmp/.ICE-unix/1717'), ('INVOCATION_ID', '6127fff600bb46cb89f44309132ab6a5'), ('XDG_MENU_PREFIX', 'gnome-'), ('GNOME_SETUP_DISPLAY', ':1'), ('XDG_RUNTIME_DIR', '/run/user/1000'), ('GDK_BACKEND', 'wayland'), ('DISPLAY', ':0'), ('VSCODE_DEBUGPY_ADAPTER_ENDPOINTS', '/home/kmra/.vscode/extensions/ms-python.debugpy-2025.18.0-linux-x64/.noConfigDebugAdapterEndpoints/endpoint-5e33a6a512d9972c.txt'), ('LANG', 'zh_CN.UTF-8'), ('XDG_CURRENT_DESKTOP', 'ubuntu:GNOME'), ('PYTHONSTARTUP', '/home/kmra/.config/Code/User/workspaceStorage/18c69521950b8abf0837b3a79e8fb73c/ms-python.python/pythonrc.py'), ('XMODIFIERS', '@im=ibus'), ('XDG_SESSION_DESKTOP', 'ubuntu'), ('XAUTHORITY', '/run/user/1000/.mutter-Xwaylandauth.L1LMN3'), ('LS_COLORS', 'rs=0:di=01;34:ln=01;36:mh=00:pi=40;33:so=01;35:do=01;35:bd=40;33;01:cd=40;33;01:or=40;31;01:mi=00:su=37;41:sg=30;43:ca=30;41:tw=30;42:ow=34;42:st=37;44:ex=01;32:*.tar=01;31:*.tgz=01;31:*.arc=01;31:*.arj=01;31:*.taz=01;31:*.lha=01;31:*.lz4=01;31:*.lzh=01;31:*.lzma=01;31:*.tlz=01;31:*.txz=01;31:*.tzo=01;31:*.t7z=01;31:*.zip=01;31:*.z=01;31:*.dz=01;31:*.gz=01;31:*.lrz=01;31:*.lz=01;31:*.lzo=01;31:*.xz=01;31:*.zst=01;31:*.tzst=01;31:*.bz2=01;31:*.bz=01;31:*.tbz=01;31:*.tbz2=01;31:*.tz=01;31:*.deb=01;31:*.rpm=01;31:*.jar=01;31:*.war=01;31:*.ear=01;31:*.sar=01;31:*.rar=01;31:*.alz=01;31:*.ace=01;31:*.zoo=01;31:*.cpio=01;31:*.7z=01;31:*.rz=01;31:*.cab=01;31:*.wim=01;31:*.swm=01;31:*.dwm=01;31:*.esd=01;31:*.jpg=01;35:*.jpeg=01;35:*.mjpg=01;35:*.mjpeg=01;35:*.gif=01;35:*.bmp=01;35:*.pbm=01;35:*.pgm=01;35:*.ppm=01;35:*.tga=01;35:*.xbm=01;35:*.xpm=01;35:*.tif=01;35:*.tiff=01;35:*.png=01;35:*.svg=01;35:*.svgz=01;35:*.mng=01;35:*.pcx=01;35:*.mov=01;35:*.mpg=01;35:*.mpeg=01;35:*.m2v=01;35:*.mkv=01;35:*.webm=01;35:*.webp=01;35:*.ogm=01;35:*.mp4=01;35:*.m4v=01;35:*.mp4v=01;35:*.vob=01;35:*.qt=01;35:*.nuv=01;35:*.wmv=01;35:*.asf=01;35:*.rm=01;35:*.rmvb=01;35:*.flc=01;35:*.avi=01;35:*.fli=01;35:*.flv=01;35:*.gl=01;35:*.dl=01;35:*.xcf=01;35:*.xwd=01;35:*.yuv=01;35:*.cgm=01;35:*.emf=01;35:*.ogv=01;35:*.ogx=01;35:*.aac=00;36:*.au=00;36:*.flac=00;36:*.m4a=00;36:*.mid=00;36:*.midi=00;36:*.mka=00;36:*.mp3=00;36:*.mpc=00;36:*.ogg=00;36:*.ra=00;36:*.wav=00;36:*.oga=00;36:*.opus=00;36:*.spx=00;36:*.xspf=00;36:'), ('VSCODE_GIT_IPC_HANDLE', '/run/user/1000/vscode-git-f55fb7437f.sock'), ('TERM_PROGRAM', 'vscode'), ('SSH_AGENT_LAUNCHER', 'gnome-keyring'), ('SSH_AUTH_SOCK', '/run/user/1000/keyring/ssh'), ('AMENT_PREFIX_PATH', '/home/kmra/ros2/easy_bot/ros_ws/install/easy_bot:/opt/ros/humble'), ('SHELL', '/bin/bash'), ('QT_ACCESSIBILITY', '1'), ('GDMSESSION', 'ubuntu'), ('LESSCLOSE', '/usr/bin/lesspipe %s %s'), ('GJS_DEBUG_OUTPUT', 'stderr'), ('VSCODE_GIT_ASKPASS_EXTRA_ARGS', ''), ('QT_IM_MODULE', 'ibus'), ('PWD', '/home/kmra/ros2/easy_bot/ros_ws/build/easy_bot'), ('XDG_CONFIG_DIRS', '/etc/xdg/xdg-ubuntu:/etc/xdg'), ('XDG_DATA_DIRS', '/usr/share/ubuntu:/usr/local/share/:/usr/share/:/var/lib/snapd/desktop'), ('PYTHONPATH', '/opt/ros/humble/lib/python3.10/site-packages:/opt/ros/humble/local/lib/python3.10/dist-packages'), ('COLCON', '1'), ('CMAKE_PREFIX_PATH', '/home/kmra/ros2/easy_bot/ros_ws/install/easy_bot:/opt/ros/humble')]), 'shell': False}
[0.055111] (easy_bot) StdoutLine: {'line': b'-- Found ament_cmake: 1.3.14 (/opt/ros/humble/share/ament_cmake/cmake)\n'}
[0.099802] (-) TimerEvent: {}
[0.180674] (easy_bot) StdoutLine: {'line': b'-- Found rclcpp: 16.0.19 (/opt/ros/humble/share/rclcpp/cmake)\n'}
[0.200211] (-) TimerEvent: {}
[0.223146] (easy_bot) StdoutLine: {'line': b'-- Found rosidl_generator_c: 3.1.8 (/opt/ros/humble/share/rosidl_generator_c/cmake)\n'}
[0.227832] (easy_bot) StdoutLine: {'line': b'-- Found rosidl_adapter: 3.1.8 (/opt/ros/humble/share/rosidl_adapter/cmake)\n'}
[0.237897] (easy_bot) StdoutLine: {'line': b'-- Found rosidl_generator_cpp: 3.1.8 (/opt/ros/humble/share/rosidl_generator_cpp/cmake)\n'}
[0.254071] (easy_bot) StdoutLine: {'line': b'-- Using all available rosidl_typesupport_c: rosidl_typesupport_fastrtps_c;rosidl_typesupport_introspection_c\n'}
[0.268979] (easy_bot) StdoutLine: {'line': b'-- Using all available rosidl_typesupport_cpp: rosidl_typesupport_fastrtps_cpp;rosidl_typesupport_introspection_cpp\n'}
[0.300879] (-) TimerEvent: {}
[0.311522] (easy_bot) StdoutLine: {'line': b'-- Found rmw_implementation_cmake: 6.1.2 (/opt/ros/humble/share/rmw_implementation_cmake/cmake)\n'}
[0.314631] (easy_bot) StdoutLine: {'line': b'-- Found rmw_fastrtps_cpp: 6.2.10 (/opt/ros/humble/share/rmw_fastrtps_cpp/cmake)\n'}
[0.402900] (-) TimerEvent: {}
[0.413726] (easy_bot) StdoutLine: {'line': b"-- Using RMW implementation 'rmw_fastrtps_cpp' as default\n"}
[0.483158] (easy_bot) StdoutLine: {'line': b'-- Found hardware_interface: 2.53.1 (/opt/ros/humble/share/hardware_interface/cmake)\n'}
[0.503140] (-) TimerEvent: {}
[0.603580] (-) TimerEvent: {}
[0.669682] (easy_bot) StdoutLine: {'line': b'-- Found ament_lint_auto: 0.12.15 (/opt/ros/humble/share/ament_lint_auto/cmake)\n'}
[0.703917] (-) TimerEvent: {}
[0.732869] (easy_bot) StdoutLine: {'line': b"-- Added test 'cppcheck' to perform static code analysis on C / C++ code\n"}
[0.733039] (easy_bot) StdoutLine: {'line': b'-- Configured cppcheck include dirs: \n'}
[0.733083] (easy_bot) StdoutLine: {'line': b'-- Configured cppcheck exclude dirs and/or files: \n'}
[0.733118] (easy_bot) StdoutLine: {'line': b"-- Added test 'flake8' to check Python code syntax and style conventions\n"}
[0.733148] (easy_bot) StdoutLine: {'line': b"-- Added test 'lint_cmake' to check CMake code style\n"}
[0.733209] (easy_bot) StdoutLine: {'line': b"-- Added test 'pep257' to check Python code against some of the docstring style conventions in PEP 257\n"}
[0.734703] (easy_bot) StdoutLine: {'line': b"-- Added test 'uncrustify' to check C / C++ code style\n"}
[0.734956] (easy_bot) StdoutLine: {'line': b'-- Configured uncrustify additional arguments: \n'}
[0.736238] (easy_bot) StdoutLine: {'line': b"-- Added test 'xmllint' to check XML markup files\n"}
[0.739506] (easy_bot) StdoutLine: {'line': b'-- Configuring done\n'}
[0.756390] (easy_bot) StdoutLine: {'line': b'-- Generating done\n'}
[0.760591] (easy_bot) StdoutLine: {'line': b'-- Build files have been written to: /home/kmra/ros2/easy_bot/ros_ws/build/easy_bot\n'}
[0.789378] (easy_bot) StdoutLine: {'line': b'[ 50%] \x1b[32mBuilding CXX object CMakeFiles/easy_bot_hardware.dir/hardware/easy_bot.cpp.o\x1b[0m\n'}
[0.804963] (-) TimerEvent: {}
[0.905969] (-) TimerEvent: {}
[1.006479] (-) TimerEvent: {}
[1.107742] (-) TimerEvent: {}
[1.208336] (-) TimerEvent: {}
[1.309519] (-) TimerEvent: {}
[1.410746] (-) TimerEvent: {}
[1.511400] (-) TimerEvent: {}
[1.527189] (easy_bot) StderrLine: {'line': b'In file included from \x1b[01m\x1b[K/home/kmra/ros2/easy_bot/ros_ws/src/easy_bot/hardware/easy_bot.cpp:15\x1b[m\x1b[K:\n'}
[1.527365] (easy_bot) StderrLine: {'line': b'\x1b[01m\x1b[K/home/kmra/ros2/easy_bot/ros_ws/src/easy_bot/hardware/include/easy_bot.hpp:38:31:\x1b[m\x1b[K \x1b[01;31m\x1b[Kerror: \x1b[m\x1b[K\xe2\x80\x98\x1b[01m\x1b[KHardwareComponentInterfaceParams\x1b[m\x1b[K\xe2\x80\x99 in namespace \xe2\x80\x98\x1b[01m\x1b[Khardware_interface\x1b[m\x1b[K\xe2\x80\x99 does not name a type\n'}
[1.527408] (easy_bot) StderrLine: {'line': b'   38 |     const hardware_interface::\x1b[01;31m\x1b[KHardwareComponentInterfaceParams\x1b[m\x1b[K & params) override;\n'}
[1.527442] (easy_bot) StderrLine: {'line': b'      |                               \x1b[01;31m\x1b[K^~~~~~~~~~~~~~~~~~~~~~~~~~~~~~~~\x1b[m\x1b[K\n'}
[1.528064] (easy_bot) StderrLine: {'line': b'\x1b[01m\x1b[K/home/kmra/ros2/easy_bot/ros_ws/src/easy_bot/hardware/include/easy_bot.hpp:37:38:\x1b[m\x1b[K \x1b[01;31m\x1b[Kerror: \x1b[m\x1b[K\xe2\x80\x98\x1b[01m\x1b[Khardware_interface::CallbackReturn easy_bot::EasyBotHardware::on_init(const int&)\x1b[m\x1b[K\xe2\x80\x99 marked \xe2\x80\x98\x1b[01m\x1b[Koverride\x1b[m\x1b[K\xe2\x80\x99, but does not override\n'}
[1.528148] (easy_bot) StderrLine: {'line': b'   37 |   hardware_interface::CallbackReturn \x1b[01;31m\x1b[Kon_init\x1b[m\x1b[K(\n'}
[1.528181] (easy_bot) StderrLine: {'line': b'      |                                      \x1b[01;31m\x1b[K^~~~~~~\x1b[m\x1b[K\n'}
[1.613835] (-) TimerEvent: {}
[1.716535] (-) TimerEvent: {}
[1.817327] (-) TimerEvent: {}
[1.917865] (-) TimerEvent: {}
[2.018327] (-) TimerEvent: {}
[2.118718] (-) TimerEvent: {}
[2.219393] (-) TimerEvent: {}
[2.319833] (-) TimerEvent: {}
[2.421134] (-) TimerEvent: {}
[2.521700] (-) TimerEvent: {}
[2.622104] (-) TimerEvent: {}
[2.722664] (-) TimerEvent: {}
[2.744963] (easy_bot) StderrLine: {'line': b'\x1b[01m\x1b[K/home/kmra/ros2/easy_bot/ros_ws/src/easy_bot/hardware/easy_bot.cpp:32:29:\x1b[m\x1b[K \x1b[01;31m\x1b[Kerror: \x1b[m\x1b[K\xe2\x80\x98\x1b[01m\x1b[KHardwareComponentInterfaceParams\x1b[m\x1b[K\xe2\x80\x99 in namespace \xe2\x80\x98\x1b[01m\x1b[Khardware_interface\x1b[m\x1b[K\xe2\x80\x99 does not name a type\n'}
[2.745343] (easy_bot) StderrLine: {'line': b'   32 |   const hardware_interface::\x1b[01;31m\x1b[KHardwareComponentInterfaceParams\x1b[m\x1b[K & params)\n'}
[2.745410] (easy_bot) StderrLine: {'line': b'      |                             \x1b[01;31m\x1b[K^~~~~~~~~~~~~~~~~~~~~~~~~~~~~~~~\x1b[m\x1b[K\n'}
[2.745443] (easy_bot) StderrLine: {'line': b'\x1b[01m\x1b[K/home/kmra/ros2/easy_bot/ros_ws/src/easy_bot/hardware/easy_bot.cpp:\x1b[m\x1b[K In member function \xe2\x80\x98\x1b[01m\x1b[Khardware_interface::CallbackReturn easy_bot::EasyBotHardware::on_init(const int&)\x1b[m\x1b[K\xe2\x80\x99:\n'}
[2.745477] (easy_bot) StderrLine: {'line': b'\x1b[01m\x1b[K/home/kmra/ros2/easy_bot/ros_ws/src/easy_bot/hardware/easy_bot.cpp:35:50:\x1b[m\x1b[K \x1b[01;31m\x1b[Kerror: \x1b[m\x1b[Kcannot convert \xe2\x80\x98\x1b[01m\x1b[Kconst int\x1b[m\x1b[K\xe2\x80\x99 to \xe2\x80\x98\x1b[01m\x1b[Kconst hardware_interface::HardwareInfo&\x1b[m\x1b[K\xe2\x80\x99\n'}
[2.745521] (easy_bot) StderrLine: {'line': b'   35 |     hardware_interface::SystemInterface::on_init(\x1b[01;31m\x1b[Kparams\x1b[m\x1b[K) !=\n'}
[2.745549] (easy_bot) StderrLine: {'line': b'      |                                                  \x1b[01;31m\x1b[K^~~~~~\x1b[m\x1b[K\n'}
[2.745576] (easy_bot) StderrLine: {'line': b'      |                                                  \x1b[01;31m\x1b[K|\x1b[m\x1b[K\n'}
[2.745603] (easy_bot) StderrLine: {'line': b'      |                                                  \x1b[01;31m\x1b[Kconst int\x1b[m\x1b[K\n'}
[2.745629] (easy_bot) StderrLine: {'line': b'In file included from \x1b[01m\x1b[K/home/kmra/ros2/easy_bot/ros_ws/src/easy_bot/hardware/include/easy_bot.hpp:24\x1b[m\x1b[K,\n'}
[2.745660] (easy_bot) StderrLine: {'line': b'                 from \x1b[01m\x1b[K/home/kmra/ros2/easy_bot/ros_ws/src/easy_bot/hardware/easy_bot.cpp:15\x1b[m\x1b[K:\n'}
[2.745697] (easy_bot) StderrLine: {'line': b'\x1b[01m\x1b[K/opt/ros/humble/include/hardware_interface/hardware_interface/system_interface.hpp:111:55:\x1b[m\x1b[K \x1b[01;36m\x1b[Knote: \x1b[m\x1b[K  initializing argument 1 of \xe2\x80\x98\x1b[01m\x1b[Kvirtual rclcpp_lifecycle::node_interfaces::LifecycleNodeInterface::CallbackReturn hardware_interface::SystemInterface::on_init(const hardware_interface::HardwareInfo&)\x1b[m\x1b[K\xe2\x80\x99\n'}
[2.745727] (easy_bot) StderrLine: {'line': b'  111 |   virtual CallbackReturn on_init(\x1b[01;36m\x1b[Kconst HardwareInfo & hardware_info\x1b[m\x1b[K)\n'}
[2.745754] (easy_bot) StderrLine: {'line': b'      |                                  \x1b[01;36m\x1b[K~~~~~~~~~~~~~~~~~~~~~^~~~~~~~~~~~~\x1b[m\x1b[K\n'}
[2.747254] (easy_bot) StderrLine: {'line': b'In file included from \x1b[01m\x1b[K/opt/ros/humble/include/rclcpp/rclcpp/client.hpp:40\x1b[m\x1b[K,\n'}
[2.747362] (easy_bot) StderrLine: {'line': b'                 from \x1b[01m\x1b[K/opt/ros/humble/include/rclcpp/rclcpp/callback_group.hpp:24\x1b[m\x1b[K,\n'}
[2.747399] (easy_bot) StderrLine: {'line': b'                 from \x1b[01m\x1b[K/opt/ros/humble/include/rclcpp/rclcpp/any_executable.hpp:20\x1b[m\x1b[K,\n'}
[2.747430] (easy_bot) StderrLine: {'line': b'                 from \x1b[01m\x1b[K/opt/ros/humble/include/rclcpp/rclcpp/memory_strategy.hpp:25\x1b[m\x1b[K,\n'}
[2.747460] (easy_bot) StderrLine: {'line': b'                 from \x1b[01m\x1b[K/opt/ros/humble/include/rclcpp/rclcpp/memory_strategies.hpp:18\x1b[m\x1b[K,\n'}
[2.747487] (easy_bot) StderrLine: {'line': b'                 from \x1b[01m\x1b[K/opt/ros/humble/include/rclcpp/rclcpp/executor_options.hpp:20\x1b[m\x1b[K,\n'}
[2.747514] (easy_bot) StderrLine: {'line': b'                 from \x1b[01m\x1b[K/opt/ros/humble/include/rclcpp/rclcpp/executor.hpp:37\x1b[m\x1b[K,\n'}
[2.747543] (easy_bot) StderrLine: {'line': b'                 from \x1b[01m\x1b[K/opt/ros/humble/include/rclcpp/rclcpp/executors/multi_threaded_executor.hpp:25\x1b[m\x1b[K,\n'}
[2.747575] (easy_bot) StderrLine: {'line': b'                 from \x1b[01m\x1b[K/opt/ros/humble/include/rclcpp/rclcpp/executors.hpp:21\x1b[m\x1b[K,\n'}
[2.747668] (easy_bot) StderrLine: {'line': b'                 from \x1b[01m\x1b[K/opt/ros/humble/include/rclcpp/rclcpp/rclcpp.hpp:155\x1b[m\x1b[K,\n'}
[2.747699] (easy_bot) StderrLine: {'line': b'                 from \x1b[01m\x1b[K/home/kmra/ros2/easy_bot/ros_ws/src/easy_bot/hardware/easy_bot.cpp:27\x1b[m\x1b[K:\n'}
[2.747726] (easy_bot) StderrLine: {'line': b'\x1b[01m\x1b[K/home/kmra/ros2/easy_bot/ros_ws/src/easy_bot/hardware/easy_bot.cpp:45:15:\x1b[m\x1b[K \x1b[01;31m\x1b[Kerror: \x1b[m\x1b[K\xe2\x80\x98\x1b[01m\x1b[Kget_logger\x1b[m\x1b[K\xe2\x80\x99 was not declared in this scope; did you mean \xe2\x80\x98\x1b[01m\x1b[Krclcpp::get_logger\x1b[m\x1b[K\xe2\x80\x99?\n'}
[2.747763] (easy_bot) StderrLine: {'line': b'   45 |   RCLCPP_INFO(\x1b[01;31m\x1b[Kget_logger\x1b[m\x1b[K(), "Robot hardware_component update_rate is %dHz", info_.rw_rate);\n'}
[2.747793] (easy_bot) StderrLine: {'line': b'      |               \x1b[01;31m\x1b[K^~~~~~~~~~\x1b[m\x1b[K\n'}
[2.747930] (easy_bot) StderrLine: {'line': b'In file included from \x1b[01m\x1b[K/opt/ros/humble/include/rclcpp/rclcpp/logging.hpp:23\x1b[m\x1b[K,\n'}
[2.747973] (easy_bot) StderrLine: {'line': b'                 from \x1b[01m\x1b[K/opt/ros/humble/include/rclcpp/rclcpp/client.hpp:40\x1b[m\x1b[K,\n'}
[2.748120] (easy_bot) StderrLine: {'line': b'                 from \x1b[01m\x1b[K/opt/ros/humble/include/rclcpp/rclcpp/callback_group.hpp:24\x1b[m\x1b[K,\n'}
[2.748157] (easy_bot) StderrLine: {'line': b'                 from \x1b[01m\x1b[K/opt/ros/humble/include/rclcpp/rclcpp/any_executable.hpp:20\x1b[m\x1b[K,\n'}
[2.748186] (easy_bot) StderrLine: {'line': b'                 from \x1b[01m\x1b[K/opt/ros/humble/include/rclcpp/rclcpp/memory_strategy.hpp:25\x1b[m\x1b[K,\n'}
[2.748214] (easy_bot) StderrLine: {'line': b'                 from \x1b[01m\x1b[K/opt/ros/humble/include/rclcpp/rclcpp/memory_strategies.hpp:18\x1b[m\x1b[K,\n'}
[2.748242] (easy_bot) StderrLine: {'line': b'                 from \x1b[01m\x1b[K/opt/ros/humble/include/rclcpp/rclcpp/executor_options.hpp:20\x1b[m\x1b[K,\n'}
[2.748268] (easy_bot) StderrLine: {'line': b'                 from \x1b[01m\x1b[K/opt/ros/humble/include/rclcpp/rclcpp/executor.hpp:37\x1b[m\x1b[K,\n'}
[2.748294] (easy_bot) StderrLine: {'line': b'                 from \x1b[01m\x1b[K/opt/ros/humble/include/rclcpp/rclcpp/executors/multi_threaded_executor.hpp:25\x1b[m\x1b[K,\n'}
[2.748321] (easy_bot) StderrLine: {'line': b'                 from \x1b[01m\x1b[K/opt/ros/humble/include/rclcpp/rclcpp/executors.hpp:21\x1b[m\x1b[K,\n'}
[2.748351] (easy_bot) StderrLine: {'line': b'                 from \x1b[01m\x1b[K/opt/ros/humble/include/rclcpp/rclcpp/rclcpp.hpp:155\x1b[m\x1b[K,\n'}
[2.748377] (easy_bot) StderrLine: {'line': b'                 from \x1b[01m\x1b[K/home/kmra/ros2/easy_bot/ros_ws/src/easy_bot/hardware/easy_bot.cpp:27\x1b[m\x1b[K:\n'}
[2.748404] (easy_bot) StderrLine: {'line': b'\x1b[01m\x1b[K/opt/ros/humble/include/rclcpp/rclcpp/logger.hpp:106:17:\x1b[m\x1b[K \x1b[01;36m\x1b[Knote: \x1b[m\x1b[K\xe2\x80\x98\x1b[01m\x1b[Krclcpp::get_logger\x1b[m\x1b[K\xe2\x80\x99 declared here\n'}
[2.748436] (easy_bot) StderrLine: {'line': b'  106 |   friend Logger \x1b[01;36m\x1b[Krclcpp\x1b[m\x1b[K::get_logger(const std::string & name);\n'}
[2.748463] (easy_bot) StderrLine: {'line': b'      |                 \x1b[01;36m\x1b[K^~~~~~\x1b[m\x1b[K\n'}
[2.748489] (easy_bot) StderrLine: {'line': b'In file included from \x1b[01m\x1b[K/opt/ros/humble/include/rclcpp/rclcpp/client.hpp:40\x1b[m\x1b[K,\n'}
[2.748822] (easy_bot) StderrLine: {'line': b'                 from \x1b[01m\x1b[K/opt/ros/humble/include/rclcpp/rclcpp/callback_group.hpp:24\x1b[m\x1b[K,\n'}
[2.748866] (easy_bot) StderrLine: {'line': b'                 from \x1b[01m\x1b[K/opt/ros/humble/include/rclcpp/rclcpp/any_executable.hpp:20\x1b[m\x1b[K,\n'}
[2.748898] (easy_bot) StderrLine: {'line': b'                 from \x1b[01m\x1b[K/opt/ros/humble/include/rclcpp/rclcpp/memory_strategy.hpp:25\x1b[m\x1b[K,\n'}
[2.748927] (easy_bot) StderrLine: {'line': b'                 from \x1b[01m\x1b[K/opt/ros/humble/include/rclcpp/rclcpp/memory_strategies.hpp:18\x1b[m\x1b[K,\n'}
[2.748955] (easy_bot) StderrLine: {'line': b'                 from \x1b[01m\x1b[K/opt/ros/humble/include/rclcpp/rclcpp/executor_options.hpp:20\x1b[m\x1b[K,\n'}
[2.748983] (easy_bot) StderrLine: {'line': b'                 from \x1b[01m\x1b[K/opt/ros/humble/include/rclcpp/rclcpp/executor.hpp:37\x1b[m\x1b[K,\n'}
[2.749015] (easy_bot) StderrLine: {'line': b'                 from \x1b[01m\x1b[K/opt/ros/humble/include/rclcpp/rclcpp/executors/multi_threaded_executor.hpp:25\x1b[m\x1b[K,\n'}
[2.749043] (easy_bot) StderrLine: {'line': b'                 from \x1b[01m\x1b[K/opt/ros/humble/include/rclcpp/rclcpp/executors.hpp:21\x1b[m\x1b[K,\n'}
[2.749069] (easy_bot) StderrLine: {'line': b'                 from \x1b[01m\x1b[K/opt/ros/humble/include/rclcpp/rclcpp/rclcpp.hpp:155\x1b[m\x1b[K,\n'}
[2.749099] (easy_bot) StderrLine: {'line': b'                 from \x1b[01m\x1b[K/home/kmra/ros2/easy_bot/ros_ws/src/easy_bot/hardware/easy_bot.cpp:27\x1b[m\x1b[K:\n'}
[2.749498] (easy_bot) StderrLine: {'line': b'\x1b[01m\x1b[K/home/kmra/ros2/easy_bot/ros_ws/src/easy_bot/hardware/easy_bot.cpp:45:3:\x1b[m\x1b[K \x1b[01;31m\x1b[Kerror: \x1b[m\x1b[Ktemplate argument 1 is invalid\n'}
[2.749536] (easy_bot) StderrLine: {'line': b'   45 |   \x1b[01;31m\x1b[KRCLCPP_INFO\x1b[m\x1b[K(get_logger(), "Robot hardware_component update_rate is %dHz", info_.rw_rate);\n'}
[2.749567] (easy_bot) StderrLine: {'line': b'      |   \x1b[01;31m\x1b[K^~~~~~~~~~~\x1b[m\x1b[K\n'}
[2.749601] (easy_bot) StderrLine: {'line': b'In file included from \x1b[01m\x1b[K/opt/ros/humble/include/rclcpp/rclcpp/logging.hpp:24\x1b[m\x1b[K,\n'}
[2.749666] (easy_bot) StderrLine: {'line': b'                 from \x1b[01m\x1b[K/opt/ros/humble/include/rclcpp/rclcpp/client.hpp:40\x1b[m\x1b[K,\n'}
[2.749697] (easy_bot) StderrLine: {'line': b'                 from \x1b[01m\x1b[K/opt/ros/humble/include/rclcpp/rclcpp/callback_group.hpp:24\x1b[m\x1b[K,\n'}
[2.749726] (easy_bot) StderrLine: {'line': b'                 from \x1b[01m\x1b[K/opt/ros/humble/include/rclcpp/rclcpp/any_executable.hpp:20\x1b[m\x1b[K,\n'}
[2.749754] (easy_bot) StderrLine: {'line': b'                 from \x1b[01m\x1b[K/opt/ros/humble/include/rclcpp/rclcpp/memory_strategy.hpp:25\x1b[m\x1b[K,\n'}
[2.749782] (easy_bot) StderrLine: {'line': b'                 from \x1b[01m\x1b[K/opt/ros/humble/include/rclcpp/rclcpp/memory_strategies.hpp:18\x1b[m\x1b[K,\n'}
[2.749809] (easy_bot) StderrLine: {'line': b'                 from \x1b[01m\x1b[K/opt/ros/humble/include/rclcpp/rclcpp/executor_options.hpp:20\x1b[m\x1b[K,\n'}
[2.749840] (easy_bot) StderrLine: {'line': b'                 from \x1b[01m\x1b[K/opt/ros/humble/include/rclcpp/rclcpp/executor.hpp:37\x1b[m\x1b[K,\n'}
[2.749869] (easy_bot) StderrLine: {'line': b'                 from \x1b[01m\x1b[K/opt/ros/humble/include/rclcpp/rclcpp/executors/multi_threaded_executor.hpp:25\x1b[m\x1b[K,\n'}
[2.749897] (easy_bot) StderrLine: {'line': b'                 from \x1b[01m\x1b[K/opt/ros/humble/include/rclcpp/rclcpp/executors.hpp:21\x1b[m\x1b[K,\n'}
[2.750127] (easy_bot) StderrLine: {'line': b'                 from \x1b[01m\x1b[K/opt/ros/humble/include/rclcpp/rclcpp/rclcpp.hpp:155\x1b[m\x1b[K,\n'}
[2.750175] (easy_bot) StderrLine: {'line': b'                 from \x1b[01m\x1b[K/home/kmra/ros2/easy_bot/ros_ws/src/easy_bot/hardware/easy_bot.cpp:27\x1b[m\x1b[K:\n'}
[2.750211] (easy_bot) StderrLine: {'line': b'\x1b[01m\x1b[K/home/kmra/ros2/easy_bot/ros_ws/src/easy_bot/hardware/easy_bot.cpp:45:83:\x1b[m\x1b[K \x1b[01;31m\x1b[Kerror: \x1b[m\x1b[K\xe2\x80\x98\x1b[01m\x1b[Kstruct hardware_interface::HardwareInfo\x1b[m\x1b[K\xe2\x80\x99 has no member named \xe2\x80\x98\x1b[01m\x1b[Krw_rate\x1b[m\x1b[K\xe2\x80\x99\n'}
[2.750244] (easy_bot) StderrLine: {'line': b'   45 |   RCLCPP_INFO(get_logger(), "Robot hardware_component update_rate is %dHz", info_.\x1b[01;31m\x1b[Krw_rate\x1b[m\x1b[K);\n'}
[2.750274] (easy_bot) StderrLine: {'line': b'      |                                                                                   \x1b[01;31m\x1b[K^~~~~~~\x1b[m\x1b[K\n'}
[2.750303] (easy_bot) StderrLine: {'line': b'In file included from \x1b[01m\x1b[K/opt/ros/humble/include/rclcpp/rclcpp/client.hpp:40\x1b[m\x1b[K,\n'}
[2.750331] (easy_bot) StderrLine: {'line': b'                 from \x1b[01m\x1b[K/opt/ros/humble/include/rclcpp/rclcpp/callback_group.hpp:24\x1b[m\x1b[K,\n'}
[2.750360] (easy_bot) StderrLine: {'line': b'                 from \x1b[01m\x1b[K/opt/ros/humble/include/rclcpp/rclcpp/any_executable.hpp:20\x1b[m\x1b[K,\n'}
[2.750388] (easy_bot) StderrLine: {'line': b'                 from \x1b[01m\x1b[K/opt/ros/humble/include/rclcpp/rclcpp/memory_strategy.hpp:25\x1b[m\x1b[K,\n'}
[2.750417] (easy_bot) StderrLine: {'line': b'                 from \x1b[01m\x1b[K/opt/ros/humble/include/rclcpp/rclcpp/memory_strategies.hpp:18\x1b[m\x1b[K,\n'}
[2.750448] (easy_bot) StderrLine: {'line': b'                 from \x1b[01m\x1b[K/opt/ros/humble/include/rclcpp/rclcpp/executor_options.hpp:20\x1b[m\x1b[K,\n'}
[2.750482] (easy_bot) StderrLine: {'line': b'                 from \x1b[01m\x1b[K/opt/ros/humble/include/rclcpp/rclcpp/executor.hpp:37\x1b[m\x1b[K,\n'}
[2.750747] (easy_bot) StderrLine: {'line': b'                 from \x1b[01m\x1b[K/opt/ros/humble/include/rclcpp/rclcpp/executors/multi_threaded_executor.hpp:25\x1b[m\x1b[K,\n'}
[2.750796] (easy_bot) StderrLine: {'line': b'                 from \x1b[01m\x1b[K/opt/ros/humble/include/rclcpp/rclcpp/executors.hpp:21\x1b[m\x1b[K,\n'}
[2.750852] (easy_bot) StderrLine: {'line': b'                 from \x1b[01m\x1b[K/opt/ros/humble/include/rclcpp/rclcpp/rclcpp.hpp:155\x1b[m\x1b[K,\n'}
[2.750886] (easy_bot) StderrLine: {'line': b'                 from \x1b[01m\x1b[K/home/kmra/ros2/easy_bot/ros_ws/src/easy_bot/hardware/easy_bot.cpp:27\x1b[m\x1b[K:\n'}
[2.750916] (easy_bot) StderrLine: {'line': b'\x1b[01m\x1b[K/home/kmra/ros2/easy_bot/ros_ws/src/easy_bot/hardware/easy_bot.cpp:54:9:\x1b[m\x1b[K \x1b[01;31m\x1b[Kerror: \x1b[m\x1b[K\xe2\x80\x98\x1b[01m\x1b[Kget_logger\x1b[m\x1b[K\xe2\x80\x99 was not declared in this scope; did you mean \xe2\x80\x98\x1b[01m\x1b[Krclcpp::get_logger\x1b[m\x1b[K\xe2\x80\x99?\n'}
[2.750945] (easy_bot) StderrLine: {'line': b'   54 |         \x1b[01;31m\x1b[Kget_logger\x1b[m\x1b[K(), "Joint \'%s\' has %zu command interfaces found. 1 expected.",\n'}
[2.750973] (easy_bot) StderrLine: {'line': b'      |         \x1b[01;31m\x1b[K^~~~~~~~~~\x1b[m\x1b[K\n'}
[2.751009] (easy_bot) StderrLine: {'line': b'In file included from \x1b[01m\x1b[K/opt/ros/humble/include/rclcpp/rclcpp/logging.hpp:23\x1b[m\x1b[K,\n'}
[2.751046] (easy_bot) StderrLine: {'line': b'                 from \x1b[01m\x1b[K/opt/ros/humble/include/rclcpp/rclcpp/client.hpp:40\x1b[m\x1b[K,\n'}
[2.751080] (easy_bot) StderrLine: {'line': b'                 from \x1b[01m\x1b[K/opt/ros/humble/include/rclcpp/rclcpp/callback_group.hpp:24\x1b[m\x1b[K,\n'}
[2.751238] (easy_bot) StderrLine: {'line': b'                 from \x1b[01m\x1b[K/opt/ros/humble/include/rclcpp/rclcpp/any_executable.hpp:20\x1b[m\x1b[K,\n'}
[2.751270] (easy_bot) StderrLine: {'line': b'                 from \x1b[01m\x1b[K/opt/ros/humble/include/rclcpp/rclcpp/memory_strategy.hpp:25\x1b[m\x1b[K,\n'}
[2.751298] (easy_bot) StderrLine: {'line': b'                 from \x1b[01m\x1b[K/opt/ros/humble/include/rclcpp/rclcpp/memory_strategies.hpp:18\x1b[m\x1b[K,\n'}
[2.751326] (easy_bot) StderrLine: {'line': b'                 from \x1b[01m\x1b[K/opt/ros/humble/include/rclcpp/rclcpp/executor_options.hpp:20\x1b[m\x1b[K,\n'}
[2.751353] (easy_bot) StderrLine: {'line': b'                 from \x1b[01m\x1b[K/opt/ros/humble/include/rclcpp/rclcpp/executor.hpp:37\x1b[m\x1b[K,\n'}
[2.751380] (easy_bot) StderrLine: {'line': b'                 from \x1b[01m\x1b[K/opt/ros/humble/include/rclcpp/rclcpp/executors/multi_threaded_executor.hpp:25\x1b[m\x1b[K,\n'}
[2.751407] (easy_bot) StderrLine: {'line': b'                 from \x1b[01m\x1b[K/opt/ros/humble/include/rclcpp/rclcpp/executors.hpp:21\x1b[m\x1b[K,\n'}
[2.751434] (easy_bot) StderrLine: {'line': b'                 from \x1b[01m\x1b[K/opt/ros/humble/include/rclcpp/rclcpp/rclcpp.hpp:155\x1b[m\x1b[K,\n'}
[2.751461] (easy_bot) StderrLine: {'line': b'                 from \x1b[01m\x1b[K/home/kmra/ros2/easy_bot/ros_ws/src/easy_bot/hardware/easy_bot.cpp:27\x1b[m\x1b[K:\n'}
[2.751488] (easy_bot) StderrLine: {'line': b'\x1b[01m\x1b[K/opt/ros/humble/include/rclcpp/rclcpp/logger.hpp:106:17:\x1b[m\x1b[K \x1b[01;36m\x1b[Knote: \x1b[m\x1b[K\xe2\x80\x98\x1b[01m\x1b[Krclcpp::get_logger\x1b[m\x1b[K\xe2\x80\x99 declared here\n'}
[2.751517] (easy_bot) StderrLine: {'line': b'  106 |   friend Logger \x1b[01;36m\x1b[Krclcpp\x1b[m\x1b[K::get_logger(const std::string & name);\n'}
[2.751544] (easy_bot) StderrLine: {'line': b'      |                 \x1b[01;36m\x1b[K^~~~~~\x1b[m\x1b[K\n'}
[2.751571] (easy_bot) StderrLine: {'line': b'In file included from \x1b[01m\x1b[K/opt/ros/humble/include/rclcpp/rclcpp/client.hpp:40\x1b[m\x1b[K,\n'}
[2.751605] (easy_bot) StderrLine: {'line': b'                 from \x1b[01m\x1b[K/opt/ros/humble/include/rclcpp/rclcpp/callback_group.hpp:24\x1b[m\x1b[K,\n'}
[2.751632] (easy_bot) StderrLine: {'line': b'                 from \x1b[01m\x1b[K/opt/ros/humble/include/rclcpp/rclcpp/any_executable.hpp:20\x1b[m\x1b[K,\n'}
[2.751659] (easy_bot) StderrLine: {'line': b'                 from \x1b[01m\x1b[K/opt/ros/humble/include/rclcpp/rclcpp/memory_strategy.hpp:25\x1b[m\x1b[K,\n'}
[2.751719] (easy_bot) StderrLine: {'line': b'                 from \x1b[01m\x1b[K/opt/ros/humble/include/rclcpp/rclcpp/memory_strategies.hpp:18\x1b[m\x1b[K,\n'}
[2.751754] (easy_bot) StderrLine: {'line': b'                 from \x1b[01m\x1b[K/opt/ros/humble/include/rclcpp/rclcpp/executor_options.hpp:20\x1b[m\x1b[K,\n'}
[2.751781] (easy_bot) StderrLine: {'line': b'                 from \x1b[01m\x1b[K/opt/ros/humble/include/rclcpp/rclcpp/executor.hpp:37\x1b[m\x1b[K,\n'}
[2.751812] (easy_bot) StderrLine: {'line': b'                 from \x1b[01m\x1b[K/opt/ros/humble/include/rclcpp/rclcpp/executors/multi_threaded_executor.hpp:25\x1b[m\x1b[K,\n'}
[2.751991] (easy_bot) StderrLine: {'line': b'                 from \x1b[01m\x1b[K/opt/ros/humble/include/rclcpp/rclcpp/executors.hpp:21\x1b[m\x1b[K,\n'}
[2.752021] (easy_bot) StderrLine: {'line': b'                 from \x1b[01m\x1b[K/opt/ros/humble/include/rclcpp/rclcpp/rclcpp.hpp:155\x1b[m\x1b[K,\n'}
[2.752048] (easy_bot) StderrLine: {'line': b'                 from \x1b[01m\x1b[K/home/kmra/ros2/easy_bot/ros_ws/src/easy_bot/hardware/easy_bot.cpp:27\x1b[m\x1b[K:\n'}
[2.752076] (easy_bot) StderrLine: {'line': b'\x1b[01m\x1b[K/home/kmra/ros2/easy_bot/ros_ws/src/easy_bot/hardware/easy_bot.cpp:53:7:\x1b[m\x1b[K \x1b[01;31m\x1b[Kerror: \x1b[m\x1b[Ktemplate argument 1 is invalid\n'}
[2.752106] (easy_bot) StderrLine: {'line': b'   53 |       \x1b[01;31m\x1b[KRCLCPP_FATAL\x1b[m\x1b[K(\n'}
[2.752133] (easy_bot) StderrLine: {'line': b'      |       \x1b[01;31m\x1b[K^~~~~~~~~~~~\x1b[m\x1b[K\n'}
[2.752160] (easy_bot) StderrLine: {'line': b'\x1b[01m\x1b[K/home/kmra/ros2/easy_bot/ros_ws/src/easy_bot/hardware/easy_bot.cpp:62:9:\x1b[m\x1b[K \x1b[01;31m\x1b[Kerror: \x1b[m\x1b[K\xe2\x80\x98\x1b[01m\x1b[Kget_logger\x1b[m\x1b[K\xe2\x80\x99 was not declared in this scope; did you mean \xe2\x80\x98\x1b[01m\x1b[Krclcpp::get_logger\x1b[m\x1b[K\xe2\x80\x99?\n'}
[2.752192] (easy_bot) StderrLine: {'line': b'   62 |         \x1b[01;31m\x1b[Kget_logger\x1b[m\x1b[K(), "Joint \'%s\' have %s command interfaces found. \'%s\' expected.",\n'}
[2.752220] (easy_bot) StderrLine: {'line': b'      |         \x1b[01;31m\x1b[K^~~~~~~~~~\x1b[m\x1b[K\n'}
[2.752247] (easy_bot) StderrLine: {'line': b'In file included from \x1b[01m\x1b[K/opt/ros/humble/include/rclcpp/rclcpp/logging.hpp:23\x1b[m\x1b[K,\n'}
[2.752275] (easy_bot) StderrLine: {'line': b'                 from \x1b[01m\x1b[K/opt/ros/humble/include/rclcpp/rclcpp/client.hpp:40\x1b[m\x1b[K,\n'}
[2.752302] (easy_bot) StderrLine: {'line': b'                 from \x1b[01m\x1b[K/opt/ros/humble/include/rclcpp/rclcpp/callback_group.hpp:24\x1b[m\x1b[K,\n'}
[2.752329] (easy_bot) StderrLine: {'line': b'                 from \x1b[01m\x1b[K/opt/ros/humble/include/rclcpp/rclcpp/any_executable.hpp:20\x1b[m\x1b[K,\n'}
[2.752356] (easy_bot) StderrLine: {'line': b'                 from \x1b[01m\x1b[K/opt/ros/humble/include/rclcpp/rclcpp/memory_strategy.hpp:25\x1b[m\x1b[K,\n'}
[2.752383] (easy_bot) StderrLine: {'line': b'                 from \x1b[01m\x1b[K/opt/ros/humble/include/rclcpp/rclcpp/memory_strategies.hpp:18\x1b[m\x1b[K,\n'}
[2.752413] (easy_bot) StderrLine: {'line': b'                 from \x1b[01m\x1b[K/opt/ros/humble/include/rclcpp/rclcpp/executor_options.hpp:20\x1b[m\x1b[K,\n'}
[2.752441] (easy_bot) StderrLine: {'line': b'                 from \x1b[01m\x1b[K/opt/ros/humble/include/rclcpp/rclcpp/executor.hpp:37\x1b[m\x1b[K,\n'}
[2.752469] (easy_bot) StderrLine: {'line': b'                 from \x1b[01m\x1b[K/opt/ros/humble/include/rclcpp/rclcpp/executors/multi_threaded_executor.hpp:25\x1b[m\x1b[K,\n'}
[2.752580] (easy_bot) StderrLine: {'line': b'                 from \x1b[01m\x1b[K/opt/ros/humble/include/rclcpp/rclcpp/executors.hpp:21\x1b[m\x1b[K,\n'}
[2.752613] (easy_bot) StderrLine: {'line': b'                 from \x1b[01m\x1b[K/opt/ros/humble/include/rclcpp/rclcpp/rclcpp.hpp:155\x1b[m\x1b[K,\n'}
[2.752641] (easy_bot) StderrLine: {'line': b'                 from \x1b[01m\x1b[K/home/kmra/ros2/easy_bot/ros_ws/src/easy_bot/hardware/easy_bot.cpp:27\x1b[m\x1b[K:\n'}
[2.752668] (easy_bot) StderrLine: {'line': b'\x1b[01m\x1b[K/opt/ros/humble/include/rclcpp/rclcpp/logger.hpp:106:17:\x1b[m\x1b[K \x1b[01;36m\x1b[Knote: \x1b[m\x1b[K\xe2\x80\x98\x1b[01m\x1b[Krclcpp::get_logger\x1b[m\x1b[K\xe2\x80\x99 declared here\n'}
[2.752700] (easy_bot) StderrLine: {'line': b'  106 |   friend Logger \x1b[01;36m\x1b[Krclcpp\x1b[m\x1b[K::get_logger(const std::string & name);\n'}
[2.752727] (easy_bot) StderrLine: {'line': b'      |                 \x1b[01;36m\x1b[K^~~~~~\x1b[m\x1b[K\n'}
[2.752754] (easy_bot) StderrLine: {'line': b'In file included from \x1b[01m\x1b[K/opt/ros/humble/include/rclcpp/rclcpp/client.hpp:40\x1b[m\x1b[K,\n'}
[2.752781] (easy_bot) StderrLine: {'line': b'                 from \x1b[01m\x1b[K/opt/ros/humble/include/rclcpp/rclcpp/callback_group.hpp:24\x1b[m\x1b[K,\n'}
[2.752809] (easy_bot) StderrLine: {'line': b'                 from \x1b[01m\x1b[K/opt/ros/humble/include/rclcpp/rclcpp/any_executable.hpp:20\x1b[m\x1b[K,\n'}
[2.752836] (easy_bot) StderrLine: {'line': b'                 from \x1b[01m\x1b[K/opt/ros/humble/include/rclcpp/rclcpp/memory_strategy.hpp:25\x1b[m\x1b[K,\n'}
[2.752884] (easy_bot) StderrLine: {'line': b'                 from \x1b[01m\x1b[K/opt/ros/humble/include/rclcpp/rclcpp/memory_strategies.hpp:18\x1b[m\x1b[K,\n'}
[2.752921] (easy_bot) StderrLine: {'line': b'                 from \x1b[01m\x1b[K/opt/ros/humble/include/rclcpp/rclcpp/executor_options.hpp:20\x1b[m\x1b[K,\n'}
[2.752949] (easy_bot) StderrLine: {'line': b'                 from \x1b[01m\x1b[K/opt/ros/humble/include/rclcpp/rclcpp/executor.hpp:37\x1b[m\x1b[K,\n'}
[2.752976] (easy_bot) StderrLine: {'line': b'                 from \x1b[01m\x1b[K/opt/ros/humble/include/rclcpp/rclcpp/executors/multi_threaded_executor.hpp:25\x1b[m\x1b[K,\n'}
[2.753003] (easy_bot) StderrLine: {'line': b'                 from \x1b[01m\x1b[K/opt/ros/humble/include/rclcpp/rclcpp/executors.hpp:21\x1b[m\x1b[K,\n'}
[2.753030] (easy_bot) StderrLine: {'line': b'                 from \x1b[01m\x1b[K/opt/ros/humble/include/rclcpp/rclcpp/rclcpp.hpp:155\x1b[m\x1b[K,\n'}
[2.753058] (easy_bot) StderrLine: {'line': b'                 from \x1b[01m\x1b[K/home/kmra/ros2/easy_bot/ros_ws/src/easy_bot/hardware/easy_bot.cpp:27\x1b[m\x1b[K:\n'}
[2.753085] (easy_bot) StderrLine: {'line': b'\x1b[01m\x1b[K/home/kmra/ros2/easy_bot/ros_ws/src/easy_bot/hardware/easy_bot.cpp:61:7:\x1b[m\x1b[K \x1b[01;31m\x1b[Kerror: \x1b[m\x1b[Ktemplate argument 1 is invalid\n'}
[2.753112] (easy_bot) StderrLine: {'line': b'   61 |       \x1b[01;31m\x1b[KRCLCPP_FATAL\x1b[m\x1b[K(\n'}
[2.753139] (easy_bot) StderrLine: {'line': b'      |       \x1b[01;31m\x1b[K^~~~~~~~~~~~\x1b[m\x1b[K\n'}
[2.753165] (easy_bot) StderrLine: {'line': b'\x1b[01m\x1b[K/home/kmra/ros2/easy_bot/ros_ws/src/easy_bot/hardware/easy_bot.cpp:71:9:\x1b[m\x1b[K \x1b[01;31m\x1b[Kerror: \x1b[m\x1b[K\xe2\x80\x98\x1b[01m\x1b[Kget_logger\x1b[m\x1b[K\xe2\x80\x99 was not declared in this scope; did you mean \xe2\x80\x98\x1b[01m\x1b[Krclcpp::get_logger\x1b[m\x1b[K\xe2\x80\x99?\n'}
[2.753193] (easy_bot) StderrLine: {'line': b'   71 |         \x1b[01;31m\x1b[Kget_logger\x1b[m\x1b[K(), "Joint \'%s\' has %zu state interface. 1 expected.", joint.name.c_str(),\n'}
[2.753226] (easy_bot) StderrLine: {'line': b'      |         \x1b[01;31m\x1b[K^~~~~~~~~~\x1b[m\x1b[K\n'}
[2.753254] (easy_bot) StderrLine: {'line': b'In file included from \x1b[01m\x1b[K/opt/ros/humble/include/rclcpp/rclcpp/logging.hpp:23\x1b[m\x1b[K,\n'}
[2.753282] (easy_bot) StderrLine: {'line': b'                 from \x1b[01m\x1b[K/opt/ros/humble/include/rclcpp/rclcpp/client.hpp:40\x1b[m\x1b[K,\n'}
[2.753312] (easy_bot) StderrLine: {'line': b'                 from \x1b[01m\x1b[K/opt/ros/humble/include/rclcpp/rclcpp/callback_group.hpp:24\x1b[m\x1b[K,\n'}
[2.753339] (easy_bot) StderrLine: {'line': b'                 from \x1b[01m\x1b[K/opt/ros/humble/include/rclcpp/rclcpp/any_executable.hpp:20\x1b[m\x1b[K,\n'}
[2.753369] (easy_bot) StderrLine: {'line': b'                 from \x1b[01m\x1b[K/opt/ros/humble/include/rclcpp/rclcpp/memory_strategy.hpp:25\x1b[m\x1b[K,\n'}
[2.753395] (easy_bot) StderrLine: {'line': b'                 from \x1b[01m\x1b[K/opt/ros/humble/include/rclcpp/rclcpp/memory_strategies.hpp:18\x1b[m\x1b[K,\n'}
[2.753422] (easy_bot) StderrLine: {'line': b'                 from \x1b[01m\x1b[K/opt/ros/humble/include/rclcpp/rclcpp/executor_options.hpp:20\x1b[m\x1b[K,\n'}
[2.753449] (easy_bot) StderrLine: {'line': b'                 from \x1b[01m\x1b[K/opt/ros/humble/include/rclcpp/rclcpp/executor.hpp:37\x1b[m\x1b[K,\n'}
[2.753476] (easy_bot) StderrLine: {'line': b'                 from \x1b[01m\x1b[K/opt/ros/humble/include/rclcpp/rclcpp/executors/multi_threaded_executor.hpp:25\x1b[m\x1b[K,\n'}
[2.753504] (easy_bot) StderrLine: {'line': b'                 from \x1b[01m\x1b[K/opt/ros/humble/include/rclcpp/rclcpp/executors.hpp:21\x1b[m\x1b[K,\n'}
[2.753531] (easy_bot) StderrLine: {'line': b'                 from \x1b[01m\x1b[K/opt/ros/humble/include/rclcpp/rclcpp/rclcpp.hpp:155\x1b[m\x1b[K,\n'}
[2.753558] (easy_bot) StderrLine: {'line': b'                 from \x1b[01m\x1b[K/home/kmra/ros2/easy_bot/ros_ws/src/easy_bot/hardware/easy_bot.cpp:27\x1b[m\x1b[K:\n'}
[2.753589] (easy_bot) StderrLine: {'line': b'\x1b[01m\x1b[K/opt/ros/humble/include/rclcpp/rclcpp/logger.hpp:106:17:\x1b[m\x1b[K \x1b[01;36m\x1b[Knote: \x1b[m\x1b[K\xe2\x80\x98\x1b[01m\x1b[Krclcpp::get_logger\x1b[m\x1b[K\xe2\x80\x99 declared here\n'}
[2.753617] (easy_bot) StderrLine: {'line': b'  106 |   friend Logger \x1b[01;36m\x1b[Krclcpp\x1b[m\x1b[K::get_logger(const std::string & name);\n'}
[2.753644] (easy_bot) StderrLine: {'line': b'      |                 \x1b[01;36m\x1b[K^~~~~~\x1b[m\x1b[K\n'}
[2.753672] (easy_bot) StderrLine: {'line': b'In file included from \x1b[01m\x1b[K/opt/ros/humble/include/rclcpp/rclcpp/client.hpp:40\x1b[m\x1b[K,\n'}
[2.753850] (easy_bot) StderrLine: {'line': b'                 from \x1b[01m\x1b[K/opt/ros/humble/include/rclcpp/rclcpp/callback_group.hpp:24\x1b[m\x1b[K,\n'}
[2.753945] (easy_bot) StderrLine: {'line': b'                 from \x1b[01m\x1b[K/opt/ros/humble/include/rclcpp/rclcpp/any_executable.hpp:20\x1b[m\x1b[K,\n'}
[2.754004] (easy_bot) StderrLine: {'line': b'                 from \x1b[01m\x1b[K/opt/ros/humble/include/rclcpp/rclcpp/memory_strategy.hpp:25\x1b[m\x1b[K,\n'}
[2.754052] (easy_bot) StderrLine: {'line': b'                 from \x1b[01m\x1b[K/opt/ros/humble/include/rclcpp/rclcpp/memory_strategies.hpp:18\x1b[m\x1b[K,\n'}
[2.754095] (easy_bot) StderrLine: {'line': b'                 from \x1b[01m\x1b[K/opt/ros/humble/include/rclcpp/rclcpp/executor_options.hpp:20\x1b[m\x1b[K,\n'}
[2.754140] (easy_bot) StderrLine: {'line': b'                 from \x1b[01m\x1b[K/opt/ros/humble/include/rclcpp/rclcpp/executor.hpp:37\x1b[m\x1b[K,\n'}
[2.754182] (easy_bot) StderrLine: {'line': b'                 from \x1b[01m\x1b[K/opt/ros/humble/include/rclcpp/rclcpp/executors/multi_threaded_executor.hpp:25\x1b[m\x1b[K,\n'}
[2.754231] (easy_bot) StderrLine: {'line': b'                 from \x1b[01m\x1b[K/opt/ros/humble/include/rclcpp/rclcpp/executors.hpp:21\x1b[m\x1b[K,\n'}
[2.754273] (easy_bot) StderrLine: {'line': b'                 from \x1b[01m\x1b[K/opt/ros/humble/include/rclcpp/rclcpp/rclcpp.hpp:155\x1b[m\x1b[K,\n'}
[2.754314] (easy_bot) StderrLine: {'line': b'                 from \x1b[01m\x1b[K/home/kmra/ros2/easy_bot/ros_ws/src/easy_bot/hardware/easy_bot.cpp:27\x1b[m\x1b[K:\n'}
[2.754355] (easy_bot) StderrLine: {'line': b'\x1b[01m\x1b[K/home/kmra/ros2/easy_bot/ros_ws/src/easy_bot/hardware/easy_bot.cpp:70:7:\x1b[m\x1b[K \x1b[01;31m\x1b[Kerror: \x1b[m\x1b[Ktemplate argument 1 is invalid\n'}
[2.754401] (easy_bot) StderrLine: {'line': b'   70 |       \x1b[01;31m\x1b[KRCLCPP_FATAL\x1b[m\x1b[K(\n'}
[2.754442] (easy_bot) StderrLine: {'line': b'      |       \x1b[01;31m\x1b[K^~~~~~~~~~~~\x1b[m\x1b[K\n'}
[2.754555] (easy_bot) StderrLine: {'line': b'\x1b[01m\x1b[K/home/kmra/ros2/easy_bot/ros_ws/src/easy_bot/hardware/easy_bot.cpp:79:9:\x1b[m\x1b[K \x1b[01;31m\x1b[Kerror: \x1b[m\x1b[K\xe2\x80\x98\x1b[01m\x1b[Kget_logger\x1b[m\x1b[K\xe2\x80\x99 was not declared in this scope; did you mean \xe2\x80\x98\x1b[01m\x1b[Krclcpp::get_logger\x1b[m\x1b[K\xe2\x80\x99?\n'}
[2.754610] (easy_bot) StderrLine: {'line': b'   79 |         \x1b[01;31m\x1b[Kget_logger\x1b[m\x1b[K(), "Joint \'%s\' have %s state interface. \'%s\' expected.", joint.name.c_str(),\n'}
[2.754646] (easy_bot) StderrLine: {'line': b'      |         \x1b[01;31m\x1b[K^~~~~~~~~~\x1b[m\x1b[K\n'}
[2.754677] (easy_bot) StderrLine: {'line': b'In file included from \x1b[01m\x1b[K/opt/ros/humble/include/rclcpp/rclcpp/logging.hpp:23\x1b[m\x1b[K,\n'}
[2.754706] (easy_bot) StderrLine: {'line': b'                 from \x1b[01m\x1b[K/opt/ros/humble/include/rclcpp/rclcpp/client.hpp:40\x1b[m\x1b[K,\n'}
[2.754734] (easy_bot) StderrLine: {'line': b'                 from \x1b[01m\x1b[K/opt/ros/humble/include/rclcpp/rclcpp/callback_group.hpp:24\x1b[m\x1b[K,\n'}
[2.754764] (easy_bot) StderrLine: {'line': b'                 from \x1b[01m\x1b[K/opt/ros/humble/include/rclcpp/rclcpp/any_executable.hpp:20\x1b[m\x1b[K,\n'}
[2.754794] (easy_bot) StderrLine: {'line': b'                 from \x1b[01m\x1b[K/opt/ros/humble/include/rclcpp/rclcpp/memory_strategy.hpp:25\x1b[m\x1b[K,\n'}
[2.754822] (easy_bot) StderrLine: {'line': b'                 from \x1b[01m\x1b[K/opt/ros/humble/include/rclcpp/rclcpp/memory_strategies.hpp:18\x1b[m\x1b[K,\n'}
[2.754850] (easy_bot) StderrLine: {'line': b'                 from \x1b[01m\x1b[K/opt/ros/humble/include/rclcpp/rclcpp/executor_options.hpp:20\x1b[m\x1b[K,\n'}
[2.754878] (easy_bot) StderrLine: {'line': b'                 from \x1b[01m\x1b[K/opt/ros/humble/include/rclcpp/rclcpp/executor.hpp:37\x1b[m\x1b[K,\n'}
[2.755015] (easy_bot) StderrLine: {'line': b'                 from \x1b[01m\x1b[K/opt/ros/humble/include/rclcpp/rclcpp/executors/multi_threaded_executor.hpp:25\x1b[m\x1b[K,\n'}
[2.755091] (easy_bot) StderrLine: {'line': b'                 from \x1b[01m\x1b[K/opt/ros/humble/include/rclcpp/rclcpp/executors.hpp:21\x1b[m\x1b[K,\n'}
[2.755131] (easy_bot) StderrLine: {'line': b'                 from \x1b[01m\x1b[K/opt/ros/humble/include/rclcpp/rclcpp/rclcpp.hpp:155\x1b[m\x1b[K,\n'}
[2.755162] (easy_bot) StderrLine: {'line': b'                 from \x1b[01m\x1b[K/home/kmra/ros2/easy_bot/ros_ws/src/easy_bot/hardware/easy_bot.cpp:27\x1b[m\x1b[K:\n'}
[2.755193] (easy_bot) StderrLine: {'line': b'\x1b[01m\x1b[K/opt/ros/humble/include/rclcpp/rclcpp/logger.hpp:106:17:\x1b[m\x1b[K \x1b[01;36m\x1b[Knote: \x1b[m\x1b[K\xe2\x80\x98\x1b[01m\x1b[Krclcpp::get_logger\x1b[m\x1b[K\xe2\x80\x99 declared here\n'}
[2.755227] (easy_bot) StderrLine: {'line': b'  106 |   friend Logger \x1b[01;36m\x1b[Krclcpp\x1b[m\x1b[K::get_logger(const std::string & name);\n'}
[2.755258] (easy_bot) StderrLine: {'line': b'      |                 \x1b[01;36m\x1b[K^~~~~~\x1b[m\x1b[K\n'}
[2.755287] (easy_bot) StderrLine: {'line': b'In file included from \x1b[01m\x1b[K/opt/ros/humble/include/rclcpp/rclcpp/client.hpp:40\x1b[m\x1b[K,\n'}
[2.755315] (easy_bot) StderrLine: {'line': b'                 from \x1b[01m\x1b[K/opt/ros/humble/include/rclcpp/rclcpp/callback_group.hpp:24\x1b[m\x1b[K,\n'}
[2.755344] (easy_bot) StderrLine: {'line': b'                 from \x1b[01m\x1b[K/opt/ros/humble/include/rclcpp/rclcpp/any_executable.hpp:20\x1b[m\x1b[K,\n'}
[2.755371] (easy_bot) StderrLine: {'line': b'                 from \x1b[01m\x1b[K/opt/ros/humble/include/rclcpp/rclcpp/memory_strategy.hpp:25\x1b[m\x1b[K,\n'}
[2.755399] (easy_bot) StderrLine: {'line': b'                 from \x1b[01m\x1b[K/opt/ros/humble/include/rclcpp/rclcpp/memory_strategies.hpp:18\x1b[m\x1b[K,\n'}
[2.755429] (easy_bot) StderrLine: {'line': b'                 from \x1b[01m\x1b[K/opt/ros/humble/include/rclcpp/rclcpp/executor_options.hpp:20\x1b[m\x1b[K,\n'}
[2.755458] (easy_bot) StderrLine: {'line': b'                 from \x1b[01m\x1b[K/opt/ros/humble/include/rclcpp/rclcpp/executor.hpp:37\x1b[m\x1b[K,\n'}
[2.755503] (easy_bot) StderrLine: {'line': b'                 from \x1b[01m\x1b[K/opt/ros/humble/include/rclcpp/rclcpp/executors/multi_threaded_executor.hpp:25\x1b[m\x1b[K,\n'}
[2.755532] (easy_bot) StderrLine: {'line': b'                 from \x1b[01m\x1b[K/opt/ros/humble/include/rclcpp/rclcpp/executors.hpp:21\x1b[m\x1b[K,\n'}
[2.755562] (easy_bot) StderrLine: {'line': b'                 from \x1b[01m\x1b[K/opt/ros/humble/include/rclcpp/rclcpp/rclcpp.hpp:155\x1b[m\x1b[K,\n'}
[2.755592] (easy_bot) StderrLine: {'line': b'                 from \x1b[01m\x1b[K/home/kmra/ros2/easy_bot/ros_ws/src/easy_bot/hardware/easy_bot.cpp:27\x1b[m\x1b[K:\n'}
[2.755620] (easy_bot) StderrLine: {'line': b'\x1b[01m\x1b[K/home/kmra/ros2/easy_bot/ros_ws/src/easy_bot/hardware/easy_bot.cpp:78:7:\x1b[m\x1b[K \x1b[01;31m\x1b[Kerror: \x1b[m\x1b[Ktemplate argument 1 is invalid\n'}
[2.755648] (easy_bot) StderrLine: {'line': b'   78 |       \x1b[01;31m\x1b[KRCLCPP_FATAL\x1b[m\x1b[K(\n'}
[2.755676] (easy_bot) StderrLine: {'line': b'      |       \x1b[01;31m\x1b[K^~~~~~~~~~~~\x1b[m\x1b[K\n'}
[2.755705] (easy_bot) StderrLine: {'line': b'\x1b[01m\x1b[K/home/kmra/ros2/easy_bot/ros_ws/src/easy_bot/hardware/easy_bot.cpp:\x1b[m\x1b[K In member function \xe2\x80\x98\x1b[01m\x1b[Kvirtual hardware_interface::CallbackReturn easy_bot::EasyBotHardware::on_configure(const rclcpp_lifecycle::State&)\x1b[m\x1b[K\xe2\x80\x99:\n'}
[2.758072] (easy_bot) StderrLine: {'line': b'\x1b[01m\x1b[K/home/kmra/ros2/easy_bot/ros_ws/src/easy_bot/hardware/easy_bot.cpp:92:15:\x1b[m\x1b[K \x1b[01;31m\x1b[Kerror: \x1b[m\x1b[K\xe2\x80\x98\x1b[01m\x1b[Kget_logger\x1b[m\x1b[K\xe2\x80\x99 was not declared in this scope; did you mean \xe2\x80\x98\x1b[01m\x1b[Krclcpp::get_logger\x1b[m\x1b[K\xe2\x80\x99?\n'}
[2.758113] (easy_bot) StderrLine: {'line': b'   92 |   RCLCPP_INFO(\x1b[01;31m\x1b[Kget_logger\x1b[m\x1b[K(), "Configuring ...please wait...");\n'}
[2.758143] (easy_bot) StderrLine: {'line': b'      |               \x1b[01;31m\x1b[K^~~~~~~~~~\x1b[m\x1b[K\n'}
[2.758171] (easy_bot) StderrLine: {'line': b'In file included from \x1b[01m\x1b[K/opt/ros/humble/include/rclcpp/rclcpp/logging.hpp:23\x1b[m\x1b[K,\n'}
[2.758200] (easy_bot) StderrLine: {'line': b'                 from \x1b[01m\x1b[K/opt/ros/humble/include/rclcpp/rclcpp/client.hpp:40\x1b[m\x1b[K,\n'}
[2.758229] (easy_bot) StderrLine: {'line': b'                 from \x1b[01m\x1b[K/opt/ros/humble/include/rclcpp/rclcpp/callback_group.hpp:24\x1b[m\x1b[K,\n'}
[2.758258] (easy_bot) StderrLine: {'line': b'                 from \x1b[01m\x1b[K/opt/ros/humble/include/rclcpp/rclcpp/any_executable.hpp:20\x1b[m\x1b[K,\n'}
[2.758286] (easy_bot) StderrLine: {'line': b'                 from \x1b[01m\x1b[K/opt/ros/humble/include/rclcpp/rclcpp/memory_strategy.hpp:25\x1b[m\x1b[K,\n'}
[2.758313] (easy_bot) StderrLine: {'line': b'                 from \x1b[01m\x1b[K/opt/ros/humble/include/rclcpp/rclcpp/memory_strategies.hpp:18\x1b[m\x1b[K,\n'}
[2.758340] (easy_bot) StderrLine: {'line': b'                 from \x1b[01m\x1b[K/opt/ros/humble/include/rclcpp/rclcpp/executor_options.hpp:20\x1b[m\x1b[K,\n'}
[2.758370] (easy_bot) StderrLine: {'line': b'                 from \x1b[01m\x1b[K/opt/ros/humble/include/rclcpp/rclcpp/executor.hpp:37\x1b[m\x1b[K,\n'}
[2.758397] (easy_bot) StderrLine: {'line': b'                 from \x1b[01m\x1b[K/opt/ros/humble/include/rclcpp/rclcpp/executors/multi_threaded_executor.hpp:25\x1b[m\x1b[K,\n'}
[2.758459] (easy_bot) StderrLine: {'line': b'                 from \x1b[01m\x1b[K/opt/ros/humble/include/rclcpp/rclcpp/executors.hpp:21\x1b[m\x1b[K,\n'}
[2.758492] (easy_bot) StderrLine: {'line': b'                 from \x1b[01m\x1b[K/opt/ros/humble/include/rclcpp/rclcpp/rclcpp.hpp:155\x1b[m\x1b[K,\n'}
[2.758523] (easy_bot) StderrLine: {'line': b'                 from \x1b[01m\x1b[K/home/kmra/ros2/easy_bot/ros_ws/src/easy_bot/hardware/easy_bot.cpp:27\x1b[m\x1b[K:\n'}
[2.758551] (easy_bot) StderrLine: {'line': b'\x1b[01m\x1b[K/opt/ros/humble/include/rclcpp/rclcpp/logger.hpp:106:17:\x1b[m\x1b[K \x1b[01;36m\x1b[Knote: \x1b[m\x1b[K\xe2\x80\x98\x1b[01m\x1b[Krclcpp::get_logger\x1b[m\x1b[K\xe2\x80\x99 declared here\n'}
[2.758586] (easy_bot) StderrLine: {'line': b'  106 |   friend Logger \x1b[01;36m\x1b[Krclcpp\x1b[m\x1b[K::get_logger(const std::string & name);\n'}
[2.758614] (easy_bot) StderrLine: {'line': b'      |                 \x1b[01;36m\x1b[K^~~~~~\x1b[m\x1b[K\n'}
[2.758641] (easy_bot) StderrLine: {'line': b'In file included from \x1b[01m\x1b[K/opt/ros/humble/include/rclcpp/rclcpp/client.hpp:40\x1b[m\x1b[K,\n'}
[2.758671] (easy_bot) StderrLine: {'line': b'                 from \x1b[01m\x1b[K/opt/ros/humble/include/rclcpp/rclcpp/callback_group.hpp:24\x1b[m\x1b[K,\n'}
[2.758698] (easy_bot) StderrLine: {'line': b'                 from \x1b[01m\x1b[K/opt/ros/humble/include/rclcpp/rclcpp/any_executable.hpp:20\x1b[m\x1b[K,\n'}
[2.758726] (easy_bot) StderrLine: {'line': b'                 from \x1b[01m\x1b[K/opt/ros/humble/include/rclcpp/rclcpp/memory_strategy.hpp:25\x1b[m\x1b[K,\n'}
[2.758753] (easy_bot) StderrLine: {'line': b'                 from \x1b[01m\x1b[K/opt/ros/humble/include/rclcpp/rclcpp/memory_strategies.hpp:18\x1b[m\x1b[K,\n'}
[2.758780] (easy_bot) StderrLine: {'line': b'                 from \x1b[01m\x1b[K/opt/ros/humble/include/rclcpp/rclcpp/executor_options.hpp:20\x1b[m\x1b[K,\n'}
[2.758807] (easy_bot) StderrLine: {'line': b'                 from \x1b[01m\x1b[K/opt/ros/humble/include/rclcpp/rclcpp/executor.hpp:37\x1b[m\x1b[K,\n'}
[2.758834] (easy_bot) StderrLine: {'line': b'                 from \x1b[01m\x1b[K/opt/ros/humble/include/rclcpp/rclcpp/executors/multi_threaded_executor.hpp:25\x1b[m\x1b[K,\n'}
[2.758863] (easy_bot) StderrLine: {'line': b'                 from \x1b[01m\x1b[K/opt/ros/humble/include/rclcpp/rclcpp/executors.hpp:21\x1b[m\x1b[K,\n'}
[2.758891] (easy_bot) StderrLine: {'line': b'                 from \x1b[01m\x1b[K/opt/ros/humble/include/rclcpp/rclcpp/rclcpp.hpp:155\x1b[m\x1b[K,\n'}
[2.758919] (easy_bot) StderrLine: {'line': b'                 from \x1b[01m\x1b[K/home/kmra/ros2/easy_bot/ros_ws/src/easy_bot/hardware/easy_bot.cpp:27\x1b[m\x1b[K:\n'}
[2.758950] (easy_bot) StderrLine: {'line': b'\x1b[01m\x1b[K/home/kmra/ros2/easy_bot/ros_ws/src/easy_bot/hardware/easy_bot.cpp:92:3:\x1b[m\x1b[K \x1b[01;31m\x1b[Kerror: \x1b[m\x1b[Ktemplate argument 1 is invalid\n'}
[2.758978] (easy_bot) StderrLine: {'line': b'   92 |   \x1b[01;31m\x1b[KRCLCPP_INFO\x1b[m\x1b[K(get_logger(), "Configuring ...please wait...");\n'}
[2.759049] (easy_bot) StderrLine: {'line': b'      |   \x1b[01;31m\x1b[K^~~~~~~~~~~\x1b[m\x1b[K\n'}
[2.759080] (easy_bot) StderrLine: {'line': b'\x1b[01m\x1b[K/home/kmra/ros2/easy_bot/ros_ws/src/easy_bot/hardware/easy_bot.cpp:97:17:\x1b[m\x1b[K \x1b[01;31m\x1b[Kerror: \x1b[m\x1b[K\xe2\x80\x98\x1b[01m\x1b[Kget_logger\x1b[m\x1b[K\xe2\x80\x99 was not declared in this scope; did you mean \xe2\x80\x98\x1b[01m\x1b[Krclcpp::get_logger\x1b[m\x1b[K\xe2\x80\x99?\n'}
[2.759109] (easy_bot) StderrLine: {'line': b'   97 |     RCLCPP_INFO(\x1b[01;31m\x1b[Kget_logger\x1b[m\x1b[K(), "%.1f seconds left...", hw_start_sec_ - i);\n'}
[2.759139] (easy_bot) StderrLine: {'line': b'      |                 \x1b[01;31m\x1b[K^~~~~~~~~~\x1b[m\x1b[K\n'}
[2.759168] (easy_bot) StderrLine: {'line': b'In file included from \x1b[01m\x1b[K/opt/ros/humble/include/rclcpp/rclcpp/logging.hpp:23\x1b[m\x1b[K,\n'}
[2.759197] (easy_bot) StderrLine: {'line': b'                 from \x1b[01m\x1b[K/opt/ros/humble/include/rclcpp/rclcpp/client.hpp:40\x1b[m\x1b[K,\n'}
[2.759224] (easy_bot) StderrLine: {'line': b'                 from \x1b[01m\x1b[K/opt/ros/humble/include/rclcpp/rclcpp/callback_group.hpp:24\x1b[m\x1b[K,\n'}
[2.759252] (easy_bot) StderrLine: {'line': b'                 from \x1b[01m\x1b[K/opt/ros/humble/include/rclcpp/rclcpp/any_executable.hpp:20\x1b[m\x1b[K,\n'}
[2.759283] (easy_bot) StderrLine: {'line': b'                 from \x1b[01m\x1b[K/opt/ros/humble/include/rclcpp/rclcpp/memory_strategy.hpp:25\x1b[m\x1b[K,\n'}
[2.759312] (easy_bot) StderrLine: {'line': b'                 from \x1b[01m\x1b[K/opt/ros/humble/include/rclcpp/rclcpp/memory_strategies.hpp:18\x1b[m\x1b[K,\n'}
[2.759340] (easy_bot) StderrLine: {'line': b'                 from \x1b[01m\x1b[K/opt/ros/humble/include/rclcpp/rclcpp/executor_options.hpp:20\x1b[m\x1b[K,\n'}
[2.759370] (easy_bot) StderrLine: {'line': b'                 from \x1b[01m\x1b[K/opt/ros/humble/include/rclcpp/rclcpp/executor.hpp:37\x1b[m\x1b[K,\n'}
[2.759400] (easy_bot) StderrLine: {'line': b'                 from \x1b[01m\x1b[K/opt/ros/humble/include/rclcpp/rclcpp/executors/multi_threaded_executor.hpp:25\x1b[m\x1b[K,\n'}
[2.759427] (easy_bot) StderrLine: {'line': b'                 from \x1b[01m\x1b[K/opt/ros/humble/include/rclcpp/rclcpp/executors.hpp:21\x1b[m\x1b[K,\n'}
[2.759455] (easy_bot) StderrLine: {'line': b'                 from \x1b[01m\x1b[K/opt/ros/humble/include/rclcpp/rclcpp/rclcpp.hpp:155\x1b[m\x1b[K,\n'}
[2.759482] (easy_bot) StderrLine: {'line': b'                 from \x1b[01m\x1b[K/home/kmra/ros2/easy_bot/ros_ws/src/easy_bot/hardware/easy_bot.cpp:27\x1b[m\x1b[K:\n'}
[2.759509] (easy_bot) StderrLine: {'line': b'\x1b[01m\x1b[K/opt/ros/humble/include/rclcpp/rclcpp/logger.hpp:106:17:\x1b[m\x1b[K \x1b[01;36m\x1b[Knote: \x1b[m\x1b[K\xe2\x80\x98\x1b[01m\x1b[Krclcpp::get_logger\x1b[m\x1b[K\xe2\x80\x99 declared here\n'}
[2.759537] (easy_bot) StderrLine: {'line': b'  106 |   friend Logger \x1b[01;36m\x1b[Krclcpp\x1b[m\x1b[K::get_logger(const std::string & name);\n'}
[2.759565] (easy_bot) StderrLine: {'line': b'      |                 \x1b[01;36m\x1b[K^~~~~~\x1b[m\x1b[K\n'}
[2.759597] (easy_bot) StderrLine: {'line': b'In file included from \x1b[01m\x1b[K/opt/ros/humble/include/rclcpp/rclcpp/client.hpp:40\x1b[m\x1b[K,\n'}
[2.759624] (easy_bot) StderrLine: {'line': b'                 from \x1b[01m\x1b[K/opt/ros/humble/include/rclcpp/rclcpp/callback_group.hpp:24\x1b[m\x1b[K,\n'}
[2.759652] (easy_bot) StderrLine: {'line': b'                 from \x1b[01m\x1b[K/opt/ros/humble/include/rclcpp/rclcpp/any_executable.hpp:20\x1b[m\x1b[K,\n'}
[2.759679] (easy_bot) StderrLine: {'line': b'                 from \x1b[01m\x1b[K/opt/ros/humble/include/rclcpp/rclcpp/memory_strategy.hpp:25\x1b[m\x1b[K,\n'}
[2.759706] (easy_bot) StderrLine: {'line': b'                 from \x1b[01m\x1b[K/opt/ros/humble/include/rclcpp/rclcpp/memory_strategies.hpp:18\x1b[m\x1b[K,\n'}
[2.759738] (easy_bot) StderrLine: {'line': b'                 from \x1b[01m\x1b[K/opt/ros/humble/include/rclcpp/rclcpp/executor_options.hpp:20\x1b[m\x1b[K,\n'}
[2.759766] (easy_bot) StderrLine: {'line': b'                 from \x1b[01m\x1b[K/opt/ros/humble/include/rclcpp/rclcpp/executor.hpp:37\x1b[m\x1b[K,\n'}
[2.759793] (easy_bot) StderrLine: {'line': b'                 from \x1b[01m\x1b[K/opt/ros/humble/include/rclcpp/rclcpp/executors/multi_threaded_executor.hpp:25\x1b[m\x1b[K,\n'}
[2.759821] (easy_bot) StderrLine: {'line': b'                 from \x1b[01m\x1b[K/opt/ros/humble/include/rclcpp/rclcpp/executors.hpp:21\x1b[m\x1b[K,\n'}
[2.759848] (easy_bot) StderrLine: {'line': b'                 from \x1b[01m\x1b[K/opt/ros/humble/include/rclcpp/rclcpp/rclcpp.hpp:155\x1b[m\x1b[K,\n'}
[2.759876] (easy_bot) StderrLine: {'line': b'                 from \x1b[01m\x1b[K/home/kmra/ros2/easy_bot/ros_ws/src/easy_bot/hardware/easy_bot.cpp:27\x1b[m\x1b[K:\n'}
[2.759906] (easy_bot) StderrLine: {'line': b'\x1b[01m\x1b[K/home/kmra/ros2/easy_bot/ros_ws/src/easy_bot/hardware/easy_bot.cpp:97:5:\x1b[m\x1b[K \x1b[01;31m\x1b[Kerror: \x1b[m\x1b[Ktemplate argument 1 is invalid\n'}
[2.759937] (easy_bot) StderrLine: {'line': b'   97 |     \x1b[01;31m\x1b[KRCLCPP_INFO\x1b[m\x1b[K(get_logger(), "%.1f seconds left...", hw_start_sec_ - i);\n'}
[2.759966] (easy_bot) StderrLine: {'line': b'      |     \x1b[01;31m\x1b[K^~~~~~~~~~~\x1b[m\x1b[K\n'}
[2.760420] (easy_bot) StderrLine: {'line': b'\x1b[01m\x1b[K/home/kmra/ros2/easy_bot/ros_ws/src/easy_bot/hardware/easy_bot.cpp:102:37:\x1b[m\x1b[K \x1b[01;31m\x1b[Kerror: \x1b[m\x1b[K\xe2\x80\x98\x1b[01m\x1b[Kjoint_state_interfaces_\x1b[m\x1b[K\xe2\x80\x99 was not declared in this scope; did you mean \xe2\x80\x98\x1b[01m\x1b[Kexport_state_interfaces\x1b[m\x1b[K\xe2\x80\x99?\n'}
[2.760471] (easy_bot) StderrLine: {'line': b'  102 |   for (const auto & [name, descr] : \x1b[01;31m\x1b[Kjoint_state_interfaces_\x1b[m\x1b[K)\n'}
[2.760501] (easy_bot) StderrLine: {'line': b'      |                                     \x1b[01;31m\x1b[K^~~~~~~~~~~~~~~~~~~~~~~\x1b[m\x1b[K\n'}
[2.760530] (easy_bot) StderrLine: {'line': b'      |                                     \x1b[32m\x1b[Kexport_state_interfaces\x1b[m\x1b[K\n'}
[2.763911] (easy_bot) StderrLine: {'line': b'\x1b[01m\x1b[K/home/kmra/ros2/easy_bot/ros_ws/src/easy_bot/hardware/easy_bot.cpp:106:37:\x1b[m\x1b[K \x1b[01;31m\x1b[Kerror: \x1b[m\x1b[K\xe2\x80\x98\x1b[01m\x1b[Kjoint_command_interfaces_\x1b[m\x1b[K\xe2\x80\x99 was not declared in this scope; did you mean \xe2\x80\x98\x1b[01m\x1b[Kexport_command_interfaces\x1b[m\x1b[K\xe2\x80\x99?\n'}
[2.763989] (easy_bot) StderrLine: {'line': b'  106 |   for (const auto & [name, descr] : \x1b[01;31m\x1b[Kjoint_command_interfaces_\x1b[m\x1b[K)\n'}
[2.764029] (easy_bot) StderrLine: {'line': b'      |                                     \x1b[01;31m\x1b[K^~~~~~~~~~~~~~~~~~~~~~~~~\x1b[m\x1b[K\n'}
[2.764061] (easy_bot) StderrLine: {'line': b'      |                                     \x1b[32m\x1b[Kexport_command_interfaces\x1b[m\x1b[K\n'}
[2.767914] (easy_bot) StderrLine: {'line': b'\x1b[01m\x1b[K/home/kmra/ros2/easy_bot/ros_ws/src/easy_bot/hardware/easy_bot.cpp:108:5:\x1b[m\x1b[K \x1b[01;31m\x1b[Kerror: \x1b[m\x1b[K\xe2\x80\x98\x1b[01m\x1b[Kset_command\x1b[m\x1b[K\xe2\x80\x99 was not declared in this scope\n'}
[2.768000] (easy_bot) StderrLine: {'line': b'  108 |     \x1b[01;31m\x1b[Kset_command\x1b[m\x1b[K(name, 0.0);\n'}
[2.768041] (easy_bot) StderrLine: {'line': b'      |     \x1b[01;31m\x1b[K^~~~~~~~~~~\x1b[m\x1b[K\n'}
[2.768254] (easy_bot) StderrLine: {'line': b'In file included from \x1b[01m\x1b[K/opt/ros/humble/include/rclcpp/rclcpp/client.hpp:40\x1b[m\x1b[K,\n'}
[2.768335] (easy_bot) StderrLine: {'line': b'                 from \x1b[01m\x1b[K/opt/ros/humble/include/rclcpp/rclcpp/callback_group.hpp:24\x1b[m\x1b[K,\n'}
[2.768377] (easy_bot) StderrLine: {'line': b'                 from \x1b[01m\x1b[K/opt/ros/humble/include/rclcpp/rclcpp/any_executable.hpp:20\x1b[m\x1b[K,\n'}
[2.768411] (easy_bot) StderrLine: {'line': b'                 from \x1b[01m\x1b[K/opt/ros/humble/include/rclcpp/rclcpp/memory_strategy.hpp:25\x1b[m\x1b[K,\n'}
[2.768442] (easy_bot) StderrLine: {'line': b'                 from \x1b[01m\x1b[K/opt/ros/humble/include/rclcpp/rclcpp/memory_strategies.hpp:18\x1b[m\x1b[K,\n'}
[2.768474] (easy_bot) StderrLine: {'line': b'                 from \x1b[01m\x1b[K/opt/ros/humble/include/rclcpp/rclcpp/executor_options.hpp:20\x1b[m\x1b[K,\n'}
[2.768503] (easy_bot) StderrLine: {'line': b'                 from \x1b[01m\x1b[K/opt/ros/humble/include/rclcpp/rclcpp/executor.hpp:37\x1b[m\x1b[K,\n'}
[2.768535] (easy_bot) StderrLine: {'line': b'                 from \x1b[01m\x1b[K/opt/ros/humble/include/rclcpp/rclcpp/executors/multi_threaded_executor.hpp:25\x1b[m\x1b[K,\n'}
[2.768572] (easy_bot) StderrLine: {'line': b'                 from \x1b[01m\x1b[K/opt/ros/humble/include/rclcpp/rclcpp/executors.hpp:21\x1b[m\x1b[K,\n'}
[2.768602] (easy_bot) StderrLine: {'line': b'                 from \x1b[01m\x1b[K/opt/ros/humble/include/rclcpp/rclcpp/rclcpp.hpp:155\x1b[m\x1b[K,\n'}
[2.768631] (easy_bot) StderrLine: {'line': b'                 from \x1b[01m\x1b[K/home/kmra/ros2/easy_bot/ros_ws/src/easy_bot/hardware/easy_bot.cpp:27\x1b[m\x1b[K:\n'}
[2.768660] (easy_bot) StderrLine: {'line': b'\x1b[01m\x1b[K/home/kmra/ros2/easy_bot/ros_ws/src/easy_bot/hardware/easy_bot.cpp:110:15:\x1b[m\x1b[K \x1b[01;31m\x1b[Kerror: \x1b[m\x1b[K\xe2\x80\x98\x1b[01m\x1b[Kget_logger\x1b[m\x1b[K\xe2\x80\x99 was not declared in this scope; did you mean \xe2\x80\x98\x1b[01m\x1b[Krclcpp::get_logger\x1b[m\x1b[K\xe2\x80\x99?\n'}
[2.768693] (easy_bot) StderrLine: {'line': b'  110 |   RCLCPP_INFO(\x1b[01;31m\x1b[Kget_logger\x1b[m\x1b[K(), "Successfully configured!");\n'}
[2.768721] (easy_bot) StderrLine: {'line': b'      |               \x1b[01;31m\x1b[K^~~~~~~~~~\x1b[m\x1b[K\n'}
[2.768753] (easy_bot) StderrLine: {'line': b'In file included from \x1b[01m\x1b[K/opt/ros/humble/include/rclcpp/rclcpp/logging.hpp:23\x1b[m\x1b[K,\n'}
[2.768783] (easy_bot) StderrLine: {'line': b'                 from \x1b[01m\x1b[K/opt/ros/humble/include/rclcpp/rclcpp/client.hpp:40\x1b[m\x1b[K,\n'}
[2.768850] (easy_bot) StderrLine: {'line': b'                 from \x1b[01m\x1b[K/opt/ros/humble/include/rclcpp/rclcpp/callback_group.hpp:24\x1b[m\x1b[K,\n'}
[2.768890] (easy_bot) StderrLine: {'line': b'                 from \x1b[01m\x1b[K/opt/ros/humble/include/rclcpp/rclcpp/any_executable.hpp:20\x1b[m\x1b[K,\n'}
[2.768919] (easy_bot) StderrLine: {'line': b'                 from \x1b[01m\x1b[K/opt/ros/humble/include/rclcpp/rclcpp/memory_strategy.hpp:25\x1b[m\x1b[K,\n'}
[2.768947] (easy_bot) StderrLine: {'line': b'                 from \x1b[01m\x1b[K/opt/ros/humble/include/rclcpp/rclcpp/memory_strategies.hpp:18\x1b[m\x1b[K,\n'}
[2.768976] (easy_bot) StderrLine: {'line': b'                 from \x1b[01m\x1b[K/opt/ros/humble/include/rclcpp/rclcpp/executor_options.hpp:20\x1b[m\x1b[K,\n'}
[2.769005] (easy_bot) StderrLine: {'line': b'                 from \x1b[01m\x1b[K/opt/ros/humble/include/rclcpp/rclcpp/executor.hpp:37\x1b[m\x1b[K,\n'}
[2.769034] (easy_bot) StderrLine: {'line': b'                 from \x1b[01m\x1b[K/opt/ros/humble/include/rclcpp/rclcpp/executors/multi_threaded_executor.hpp:25\x1b[m\x1b[K,\n'}
[2.769061] (easy_bot) StderrLine: {'line': b'                 from \x1b[01m\x1b[K/opt/ros/humble/include/rclcpp/rclcpp/executors.hpp:21\x1b[m\x1b[K,\n'}
[2.769089] (easy_bot) StderrLine: {'line': b'                 from \x1b[01m\x1b[K/opt/ros/humble/include/rclcpp/rclcpp/rclcpp.hpp:155\x1b[m\x1b[K,\n'}
[2.769136] (easy_bot) StderrLine: {'line': b'                 from \x1b[01m\x1b[K/home/kmra/ros2/easy_bot/ros_ws/src/easy_bot/hardware/easy_bot.cpp:27\x1b[m\x1b[K:\n'}
[2.769192] (easy_bot) StderrLine: {'line': b'\x1b[01m\x1b[K/opt/ros/humble/include/rclcpp/rclcpp/logger.hpp:106:17:\x1b[m\x1b[K \x1b[01;36m\x1b[Knote: \x1b[m\x1b[K\xe2\x80\x98\x1b[01m\x1b[Krclcpp::get_logger\x1b[m\x1b[K\xe2\x80\x99 declared here\n'}
[2.769257] (easy_bot) StderrLine: {'line': b'  106 |   friend Logger \x1b[01;36m\x1b[Krclcpp\x1b[m\x1b[K::get_logger(const std::string & name);\n'}
[2.769407] (easy_bot) StderrLine: {'line': b'      |                 \x1b[01;36m\x1b[K^~~~~~\x1b[m\x1b[K\n'}
[2.769469] (easy_bot) StderrLine: {'line': b'In file included from \x1b[01m\x1b[K/opt/ros/humble/include/rclcpp/rclcpp/client.hpp:40\x1b[m\x1b[K,\n'}
[2.769507] (easy_bot) StderrLine: {'line': b'                 from \x1b[01m\x1b[K/opt/ros/humble/include/rclcpp/rclcpp/callback_group.hpp:24\x1b[m\x1b[K,\n'}
[2.769540] (easy_bot) StderrLine: {'line': b'                 from \x1b[01m\x1b[K/opt/ros/humble/include/rclcpp/rclcpp/any_executable.hpp:20\x1b[m\x1b[K,\n'}
[2.769570] (easy_bot) StderrLine: {'line': b'                 from \x1b[01m\x1b[K/opt/ros/humble/include/rclcpp/rclcpp/memory_strategy.hpp:25\x1b[m\x1b[K,\n'}
[2.769601] (easy_bot) StderrLine: {'line': b'                 from \x1b[01m\x1b[K/opt/ros/humble/include/rclcpp/rclcpp/memory_strategies.hpp:18\x1b[m\x1b[K,\n'}
[2.769644] (easy_bot) StderrLine: {'line': b'                 from \x1b[01m\x1b[K/opt/ros/humble/include/rclcpp/rclcpp/executor_options.hpp:20\x1b[m\x1b[K,\n'}
[2.769673] (easy_bot) StderrLine: {'line': b'                 from \x1b[01m\x1b[K/opt/ros/humble/include/rclcpp/rclcpp/executor.hpp:37\x1b[m\x1b[K,\n'}
[2.769712] (easy_bot) StderrLine: {'line': b'                 from \x1b[01m\x1b[K/opt/ros/humble/include/rclcpp/rclcpp/executors/multi_threaded_executor.hpp:25\x1b[m\x1b[K,\n'}
[2.769882] (easy_bot) StderrLine: {'line': b'                 from \x1b[01m\x1b[K/opt/ros/humble/include/rclcpp/rclcpp/executors.hpp:21\x1b[m\x1b[K,\n'}
[2.769952] (easy_bot) StderrLine: {'line': b'                 from \x1b[01m\x1b[K/opt/ros/humble/include/rclcpp/rclcpp/rclcpp.hpp:155\x1b[m\x1b[K,\n'}
[2.769990] (easy_bot) StderrLine: {'line': b'                 from \x1b[01m\x1b[K/home/kmra/ros2/easy_bot/ros_ws/src/easy_bot/hardware/easy_bot.cpp:27\x1b[m\x1b[K:\n'}
[2.770023] (easy_bot) StderrLine: {'line': b'\x1b[01m\x1b[K/home/kmra/ros2/easy_bot/ros_ws/src/easy_bot/hardware/easy_bot.cpp:110:3:\x1b[m\x1b[K \x1b[01;31m\x1b[Kerror: \x1b[m\x1b[Ktemplate argument 1 is invalid\n'}
[2.770053] (easy_bot) StderrLine: {'line': b'  110 |   \x1b[01;31m\x1b[KRCLCPP_INFO\x1b[m\x1b[K(get_logger(), "Successfully configured!");\n'}
[2.770083] (easy_bot) StderrLine: {'line': b'      |   \x1b[01;31m\x1b[K^~~~~~~~~~~\x1b[m\x1b[K\n'}
[2.770111] (easy_bot) StderrLine: {'line': b'\x1b[01m\x1b[K/home/kmra/ros2/easy_bot/ros_ws/src/easy_bot/hardware/easy_bot.cpp:\x1b[m\x1b[K In member function \xe2\x80\x98\x1b[01m\x1b[Kvirtual hardware_interface::CallbackReturn easy_bot::EasyBotHardware::on_activate(const rclcpp_lifecycle::State&)\x1b[m\x1b[K\xe2\x80\x99:\n'}
[2.770141] (easy_bot) StderrLine: {'line': b'\x1b[01m\x1b[K/home/kmra/ros2/easy_bot/ros_ws/src/easy_bot/hardware/easy_bot.cpp:119:15:\x1b[m\x1b[K \x1b[01;31m\x1b[Kerror: \x1b[m\x1b[K\xe2\x80\x98\x1b[01m\x1b[Kget_logger\x1b[m\x1b[K\xe2\x80\x99 was not declared in this scope; did you mean \xe2\x80\x98\x1b[01m\x1b[Krclcpp::get_logger\x1b[m\x1b[K\xe2\x80\x99?\n'}
[2.770170] (easy_bot) StderrLine: {'line': b'  119 |   RCLCPP_INFO(\x1b[01;31m\x1b[Kget_logger\x1b[m\x1b[K(), "Activating ...please wait...");\n'}
[2.770199] (easy_bot) StderrLine: {'line': b'      |               \x1b[01;31m\x1b[K^~~~~~~~~~\x1b[m\x1b[K\n'}
[2.770232] (easy_bot) StderrLine: {'line': b'In file included from \x1b[01m\x1b[K/opt/ros/humble/include/rclcpp/rclcpp/logging.hpp:23\x1b[m\x1b[K,\n'}
[2.770263] (easy_bot) StderrLine: {'line': b'                 from \x1b[01m\x1b[K/opt/ros/humble/include/rclcpp/rclcpp/client.hpp:40\x1b[m\x1b[K,\n'}
[2.770291] (easy_bot) StderrLine: {'line': b'                 from \x1b[01m\x1b[K/opt/ros/humble/include/rclcpp/rclcpp/callback_group.hpp:24\x1b[m\x1b[K,\n'}
[2.770321] (easy_bot) StderrLine: {'line': b'                 from \x1b[01m\x1b[K/opt/ros/humble/include/rclcpp/rclcpp/any_executable.hpp:20\x1b[m\x1b[K,\n'}
[2.770349] (easy_bot) StderrLine: {'line': b'                 from \x1b[01m\x1b[K/opt/ros/humble/include/rclcpp/rclcpp/memory_strategy.hpp:25\x1b[m\x1b[K,\n'}
[2.770377] (easy_bot) StderrLine: {'line': b'                 from \x1b[01m\x1b[K/opt/ros/humble/include/rclcpp/rclcpp/memory_strategies.hpp:18\x1b[m\x1b[K,\n'}
[2.770433] (easy_bot) StderrLine: {'line': b'                 from \x1b[01m\x1b[K/opt/ros/humble/include/rclcpp/rclcpp/executor_options.hpp:20\x1b[m\x1b[K,\n'}
[2.770472] (easy_bot) StderrLine: {'line': b'                 from \x1b[01m\x1b[K/opt/ros/humble/include/rclcpp/rclcpp/executor.hpp:37\x1b[m\x1b[K,\n'}
[2.770500] (easy_bot) StderrLine: {'line': b'                 from \x1b[01m\x1b[K/opt/ros/humble/include/rclcpp/rclcpp/executors/multi_threaded_executor.hpp:25\x1b[m\x1b[K,\n'}
[2.770528] (easy_bot) StderrLine: {'line': b'                 from \x1b[01m\x1b[K/opt/ros/humble/include/rclcpp/rclcpp/executors.hpp:21\x1b[m\x1b[K,\n'}
[2.770556] (easy_bot) StderrLine: {'line': b'                 from \x1b[01m\x1b[K/opt/ros/humble/include/rclcpp/rclcpp/rclcpp.hpp:155\x1b[m\x1b[K,\n'}
[2.770584] (easy_bot) StderrLine: {'line': b'                 from \x1b[01m\x1b[K/home/kmra/ros2/easy_bot/ros_ws/src/easy_bot/hardware/easy_bot.cpp:27\x1b[m\x1b[K:\n'}
[2.770616] (easy_bot) StderrLine: {'line': b'\x1b[01m\x1b[K/opt/ros/humble/include/rclcpp/rclcpp/logger.hpp:106:17:\x1b[m\x1b[K \x1b[01;36m\x1b[Knote: \x1b[m\x1b[K\xe2\x80\x98\x1b[01m\x1b[Krclcpp::get_logger\x1b[m\x1b[K\xe2\x80\x99 declared here\n'}
[2.770646] (easy_bot) StderrLine: {'line': b'  106 |   friend Logger \x1b[01;36m\x1b[Krclcpp\x1b[m\x1b[K::get_logger(const std::string & name);\n'}
[2.770677] (easy_bot) StderrLine: {'line': b'      |                 \x1b[01;36m\x1b[K^~~~~~\x1b[m\x1b[K\n'}
[2.770705] (easy_bot) StderrLine: {'line': b'In file included from \x1b[01m\x1b[K/opt/ros/humble/include/rclcpp/rclcpp/client.hpp:40\x1b[m\x1b[K,\n'}
[2.770736] (easy_bot) StderrLine: {'line': b'                 from \x1b[01m\x1b[K/opt/ros/humble/include/rclcpp/rclcpp/callback_group.hpp:24\x1b[m\x1b[K,\n'}
[2.770764] (easy_bot) StderrLine: {'line': b'                 from \x1b[01m\x1b[K/opt/ros/humble/include/rclcpp/rclcpp/any_executable.hpp:20\x1b[m\x1b[K,\n'}
[2.770792] (easy_bot) StderrLine: {'line': b'                 from \x1b[01m\x1b[K/opt/ros/humble/include/rclcpp/rclcpp/memory_strategy.hpp:25\x1b[m\x1b[K,\n'}
[2.770823] (easy_bot) StderrLine: {'line': b'                 from \x1b[01m\x1b[K/opt/ros/humble/include/rclcpp/rclcpp/memory_strategies.hpp:18\x1b[m\x1b[K,\n'}
[2.770894] (easy_bot) StderrLine: {'line': b'                 from \x1b[01m\x1b[K/opt/ros/humble/include/rclcpp/rclcpp/executor_options.hpp:20\x1b[m\x1b[K,\n'}
[2.770955] (easy_bot) StderrLine: {'line': b'                 from \x1b[01m\x1b[K/opt/ros/humble/include/rclcpp/rclcpp/executor.hpp:37\x1b[m\x1b[K,\n'}
[2.770985] (easy_bot) StderrLine: {'line': b'                 from \x1b[01m\x1b[K/opt/ros/humble/include/rclcpp/rclcpp/executors/multi_threaded_executor.hpp:25\x1b[m\x1b[K,\n'}
[2.771012] (easy_bot) StderrLine: {'line': b'                 from \x1b[01m\x1b[K/opt/ros/humble/include/rclcpp/rclcpp/executors.hpp:21\x1b[m\x1b[K,\n'}
[2.771040] (easy_bot) StderrLine: {'line': b'                 from \x1b[01m\x1b[K/opt/ros/humble/include/rclcpp/rclcpp/rclcpp.hpp:155\x1b[m\x1b[K,\n'}
[2.771067] (easy_bot) StderrLine: {'line': b'                 from \x1b[01m\x1b[K/home/kmra/ros2/easy_bot/ros_ws/src/easy_bot/hardware/easy_bot.cpp:27\x1b[m\x1b[K:\n'}
[2.771094] (easy_bot) StderrLine: {'line': b'\x1b[01m\x1b[K/home/kmra/ros2/easy_bot/ros_ws/src/easy_bot/hardware/easy_bot.cpp:119:3:\x1b[m\x1b[K \x1b[01;31m\x1b[Kerror: \x1b[m\x1b[Ktemplate argument 1 is invalid\n'}
[2.771122] (easy_bot) StderrLine: {'line': b'  119 |   \x1b[01;31m\x1b[KRCLCPP_INFO\x1b[m\x1b[K(get_logger(), "Activating ...please wait...");\n'}
[2.771149] (easy_bot) StderrLine: {'line': b'      |   \x1b[01;31m\x1b[K^~~~~~~~~~~\x1b[m\x1b[K\n'}
[2.771177] (easy_bot) StderrLine: {'line': b'\x1b[01m\x1b[K/home/kmra/ros2/easy_bot/ros_ws/src/easy_bot/hardware/easy_bot.cpp:124:17:\x1b[m\x1b[K \x1b[01;31m\x1b[Kerror: \x1b[m\x1b[K\xe2\x80\x98\x1b[01m\x1b[Kget_logger\x1b[m\x1b[K\xe2\x80\x99 was not declared in this scope; did you mean \xe2\x80\x98\x1b[01m\x1b[Krclcpp::get_logger\x1b[m\x1b[K\xe2\x80\x99?\n'}
[2.771206] (easy_bot) StderrLine: {'line': b'  124 |     RCLCPP_INFO(\x1b[01;31m\x1b[Kget_logger\x1b[m\x1b[K(), "%.1f seconds left...", hw_start_sec_ - i);\n'}
[2.771233] (easy_bot) StderrLine: {'line': b'      |                 \x1b[01;31m\x1b[K^~~~~~~~~~\x1b[m\x1b[K\n'}
[2.771263] (easy_bot) StderrLine: {'line': b'In file included from \x1b[01m\x1b[K/opt/ros/humble/include/rclcpp/rclcpp/logging.hpp:23\x1b[m\x1b[K,\n'}
[2.771290] (easy_bot) StderrLine: {'line': b'                 from \x1b[01m\x1b[K/opt/ros/humble/include/rclcpp/rclcpp/client.hpp:40\x1b[m\x1b[K,\n'}
[2.771317] (easy_bot) StderrLine: {'line': b'                 from \x1b[01m\x1b[K/opt/ros/humble/include/rclcpp/rclcpp/callback_group.hpp:24\x1b[m\x1b[K,\n'}
[2.771344] (easy_bot) StderrLine: {'line': b'                 from \x1b[01m\x1b[K/opt/ros/humble/include/rclcpp/rclcpp/any_executable.hpp:20\x1b[m\x1b[K,\n'}
[2.771371] (easy_bot) StderrLine: {'line': b'                 from \x1b[01m\x1b[K/opt/ros/humble/include/rclcpp/rclcpp/memory_strategy.hpp:25\x1b[m\x1b[K,\n'}
[2.771399] (easy_bot) StderrLine: {'line': b'                 from \x1b[01m\x1b[K/opt/ros/humble/include/rclcpp/rclcpp/memory_strategies.hpp:18\x1b[m\x1b[K,\n'}
[2.771439] (easy_bot) StderrLine: {'line': b'                 from \x1b[01m\x1b[K/opt/ros/humble/include/rclcpp/rclcpp/executor_options.hpp:20\x1b[m\x1b[K,\n'}
[2.771471] (easy_bot) StderrLine: {'line': b'                 from \x1b[01m\x1b[K/opt/ros/humble/include/rclcpp/rclcpp/executor.hpp:37\x1b[m\x1b[K,\n'}
[2.771503] (easy_bot) StderrLine: {'line': b'                 from \x1b[01m\x1b[K/opt/ros/humble/include/rclcpp/rclcpp/executors/multi_threaded_executor.hpp:25\x1b[m\x1b[K,\n'}
[2.771531] (easy_bot) StderrLine: {'line': b'                 from \x1b[01m\x1b[K/opt/ros/humble/include/rclcpp/rclcpp/executors.hpp:21\x1b[m\x1b[K,\n'}
[2.771560] (easy_bot) StderrLine: {'line': b'                 from \x1b[01m\x1b[K/opt/ros/humble/include/rclcpp/rclcpp/rclcpp.hpp:155\x1b[m\x1b[K,\n'}
[2.771589] (easy_bot) StderrLine: {'line': b'                 from \x1b[01m\x1b[K/home/kmra/ros2/easy_bot/ros_ws/src/easy_bot/hardware/easy_bot.cpp:27\x1b[m\x1b[K:\n'}
[2.771622] (easy_bot) StderrLine: {'line': b'\x1b[01m\x1b[K/opt/ros/humble/include/rclcpp/rclcpp/logger.hpp:106:17:\x1b[m\x1b[K \x1b[01;36m\x1b[Knote: \x1b[m\x1b[K\xe2\x80\x98\x1b[01m\x1b[Krclcpp::get_logger\x1b[m\x1b[K\xe2\x80\x99 declared here\n'}
[2.771649] (easy_bot) StderrLine: {'line': b'  106 |   friend Logger \x1b[01;36m\x1b[Krclcpp\x1b[m\x1b[K::get_logger(const std::string & name);\n'}
[2.771677] (easy_bot) StderrLine: {'line': b'      |                 \x1b[01;36m\x1b[K^~~~~~\x1b[m\x1b[K\n'}
[2.771704] (easy_bot) StderrLine: {'line': b'In file included from \x1b[01m\x1b[K/opt/ros/humble/include/rclcpp/rclcpp/client.hpp:40\x1b[m\x1b[K,\n'}
[2.771732] (easy_bot) StderrLine: {'line': b'                 from \x1b[01m\x1b[K/opt/ros/humble/include/rclcpp/rclcpp/callback_group.hpp:24\x1b[m\x1b[K,\n'}
[2.771759] (easy_bot) StderrLine: {'line': b'                 from \x1b[01m\x1b[K/opt/ros/humble/include/rclcpp/rclcpp/any_executable.hpp:20\x1b[m\x1b[K,\n'}
[2.771786] (easy_bot) StderrLine: {'line': b'                 from \x1b[01m\x1b[K/opt/ros/humble/include/rclcpp/rclcpp/memory_strategy.hpp:25\x1b[m\x1b[K,\n'}
[2.771813] (easy_bot) StderrLine: {'line': b'                 from \x1b[01m\x1b[K/opt/ros/humble/include/rclcpp/rclcpp/memory_strategies.hpp:18\x1b[m\x1b[K,\n'}
[2.771885] (easy_bot) StderrLine: {'line': b'                 from \x1b[01m\x1b[K/opt/ros/humble/include/rclcpp/rclcpp/executor_options.hpp:20\x1b[m\x1b[K,\n'}
[2.771918] (easy_bot) StderrLine: {'line': b'                 from \x1b[01m\x1b[K/opt/ros/humble/include/rclcpp/rclcpp/executor.hpp:37\x1b[m\x1b[K,\n'}
[2.771945] (easy_bot) StderrLine: {'line': b'                 from \x1b[01m\x1b[K/opt/ros/humble/include/rclcpp/rclcpp/executors/multi_threaded_executor.hpp:25\x1b[m\x1b[K,\n'}
[2.771973] (easy_bot) StderrLine: {'line': b'                 from \x1b[01m\x1b[K/opt/ros/humble/include/rclcpp/rclcpp/executors.hpp:21\x1b[m\x1b[K,\n'}
[2.772000] (easy_bot) StderrLine: {'line': b'                 from \x1b[01m\x1b[K/opt/ros/humble/include/rclcpp/rclcpp/rclcpp.hpp:155\x1b[m\x1b[K,\n'}
[2.772027] (easy_bot) StderrLine: {'line': b'                 from \x1b[01m\x1b[K/home/kmra/ros2/easy_bot/ros_ws/src/easy_bot/hardware/easy_bot.cpp:27\x1b[m\x1b[K:\n'}
[2.772054] (easy_bot) StderrLine: {'line': b'\x1b[01m\x1b[K/home/kmra/ros2/easy_bot/ros_ws/src/easy_bot/hardware/easy_bot.cpp:124:5:\x1b[m\x1b[K \x1b[01;31m\x1b[Kerror: \x1b[m\x1b[Ktemplate argument 1 is invalid\n'}
[2.772085] (easy_bot) StderrLine: {'line': b'  124 |     \x1b[01;31m\x1b[KRCLCPP_INFO\x1b[m\x1b[K(get_logger(), "%.1f seconds left...", hw_start_sec_ - i);\n'}
[2.772113] (easy_bot) StderrLine: {'line': b'      |     \x1b[01;31m\x1b[K^~~~~~~~~~~\x1b[m\x1b[K\n'}
[2.777914] (easy_bot) StderrLine: {'line': b'\x1b[01m\x1b[K/home/kmra/ros2/easy_bot/ros_ws/src/easy_bot/hardware/easy_bot.cpp:129:37:\x1b[m\x1b[K \x1b[01;31m\x1b[Kerror: \x1b[m\x1b[K\xe2\x80\x98\x1b[01m\x1b[Kjoint_state_interfaces_\x1b[m\x1b[K\xe2\x80\x99 was not declared in this scope; did you mean \xe2\x80\x98\x1b[01m\x1b[Kexport_state_interfaces\x1b[m\x1b[K\xe2\x80\x99?\n'}
[2.778014] (easy_bot) StderrLine: {'line': b'  129 |   for (const auto & [name, descr] : \x1b[01;31m\x1b[Kjoint_state_interfaces_\x1b[m\x1b[K)\n'}
[2.778059] (easy_bot) StderrLine: {'line': b'      |                                     \x1b[01;31m\x1b[K^~~~~~~~~~~~~~~~~~~~~~~\x1b[m\x1b[K\n'}
[2.778099] (easy_bot) StderrLine: {'line': b'      |                                     \x1b[32m\x1b[Kexport_state_interfaces\x1b[m\x1b[K\n'}
[2.779147] (easy_bot) StderrLine: {'line': b'\x1b[01m\x1b[K/home/kmra/ros2/easy_bot/ros_ws/src/easy_bot/hardware/easy_bot.cpp:131:5:\x1b[m\x1b[K \x1b[01;31m\x1b[Kerror: \x1b[m\x1b[K\xe2\x80\x98\x1b[01m\x1b[Kset_command\x1b[m\x1b[K\xe2\x80\x99 was not declared in this scope\n'}
[2.779260] (easy_bot) StderrLine: {'line': b'  131 |     \x1b[01;31m\x1b[Kset_command\x1b[m\x1b[K(name, get_state(name));\n'}
[2.779318] (easy_bot) StderrLine: {'line': b'      |     \x1b[01;31m\x1b[K^~~~~~~~~~~\x1b[m\x1b[K\n'}
[2.779760] (easy_bot) StderrLine: {'line': b'In file included from \x1b[01m\x1b[K/opt/ros/humble/include/rclcpp/rclcpp/client.hpp:40\x1b[m\x1b[K,\n'}
[2.779873] (easy_bot) StderrLine: {'line': b'                 from \x1b[01m\x1b[K/opt/ros/humble/include/rclcpp/rclcpp/callback_group.hpp:24\x1b[m\x1b[K,\n'}
[2.780050] (easy_bot) StderrLine: {'line': b'                 from \x1b[01m\x1b[K/opt/ros/humble/include/rclcpp/rclcpp/any_executable.hpp:20\x1b[m\x1b[K,\n'}
[2.780087] (easy_bot) StderrLine: {'line': b'                 from \x1b[01m\x1b[K/opt/ros/humble/include/rclcpp/rclcpp/memory_strategy.hpp:25\x1b[m\x1b[K,\n'}
[2.780119] (easy_bot) StderrLine: {'line': b'                 from \x1b[01m\x1b[K/opt/ros/humble/include/rclcpp/rclcpp/memory_strategies.hpp:18\x1b[m\x1b[K,\n'}
[2.780149] (easy_bot) StderrLine: {'line': b'                 from \x1b[01m\x1b[K/opt/ros/humble/include/rclcpp/rclcpp/executor_options.hpp:20\x1b[m\x1b[K,\n'}
[2.780177] (easy_bot) StderrLine: {'line': b'                 from \x1b[01m\x1b[K/opt/ros/humble/include/rclcpp/rclcpp/executor.hpp:37\x1b[m\x1b[K,\n'}
[2.780207] (easy_bot) StderrLine: {'line': b'                 from \x1b[01m\x1b[K/opt/ros/humble/include/rclcpp/rclcpp/executors/multi_threaded_executor.hpp:25\x1b[m\x1b[K,\n'}
[2.780236] (easy_bot) StderrLine: {'line': b'                 from \x1b[01m\x1b[K/opt/ros/humble/include/rclcpp/rclcpp/executors.hpp:21\x1b[m\x1b[K,\n'}
[2.780282] (easy_bot) StderrLine: {'line': b'                 from \x1b[01m\x1b[K/opt/ros/humble/include/rclcpp/rclcpp/rclcpp.hpp:155\x1b[m\x1b[K,\n'}
[2.780310] (easy_bot) StderrLine: {'line': b'                 from \x1b[01m\x1b[K/home/kmra/ros2/easy_bot/ros_ws/src/easy_bot/hardware/easy_bot.cpp:27\x1b[m\x1b[K:\n'}
[2.780339] (easy_bot) StderrLine: {'line': b'\x1b[01m\x1b[K/home/kmra/ros2/easy_bot/ros_ws/src/easy_bot/hardware/easy_bot.cpp:134:15:\x1b[m\x1b[K \x1b[01;31m\x1b[Kerror: \x1b[m\x1b[K\xe2\x80\x98\x1b[01m\x1b[Kget_logger\x1b[m\x1b[K\xe2\x80\x99 was not declared in this scope; did you mean \xe2\x80\x98\x1b[01m\x1b[Krclcpp::get_logger\x1b[m\x1b[K\xe2\x80\x99?\n'}
[2.780498] (easy_bot) StderrLine: {'line': b'  134 |   RCLCPP_INFO(\x1b[01;31m\x1b[Kget_logger\x1b[m\x1b[K(), "Successfully activated!");\n'}
[2.780569] (easy_bot) StderrLine: {'line': b'      |               \x1b[01;31m\x1b[K^~~~~~~~~~\x1b[m\x1b[K\n'}
[2.780608] (easy_bot) StderrLine: {'line': b'In file included from \x1b[01m\x1b[K/opt/ros/humble/include/rclcpp/rclcpp/logging.hpp:23\x1b[m\x1b[K,\n'}
[2.780640] (easy_bot) StderrLine: {'line': b'                 from \x1b[01m\x1b[K/opt/ros/humble/include/rclcpp/rclcpp/client.hpp:40\x1b[m\x1b[K,\n'}
[2.780671] (easy_bot) StderrLine: {'line': b'                 from \x1b[01m\x1b[K/opt/ros/humble/include/rclcpp/rclcpp/callback_group.hpp:24\x1b[m\x1b[K,\n'}
[2.780699] (easy_bot) StderrLine: {'line': b'                 from \x1b[01m\x1b[K/opt/ros/humble/include/rclcpp/rclcpp/any_executable.hpp:20\x1b[m\x1b[K,\n'}
[2.780726] (easy_bot) StderrLine: {'line': b'                 from \x1b[01m\x1b[K/opt/ros/humble/include/rclcpp/rclcpp/memory_strategy.hpp:25\x1b[m\x1b[K,\n'}
[2.780755] (easy_bot) StderrLine: {'line': b'                 from \x1b[01m\x1b[K/opt/ros/humble/include/rclcpp/rclcpp/memory_strategies.hpp:18\x1b[m\x1b[K,\n'}
[2.780783] (easy_bot) StderrLine: {'line': b'                 from \x1b[01m\x1b[K/opt/ros/humble/include/rclcpp/rclcpp/executor_options.hpp:20\x1b[m\x1b[K,\n'}
[2.780813] (easy_bot) StderrLine: {'line': b'                 from \x1b[01m\x1b[K/opt/ros/humble/include/rclcpp/rclcpp/executor.hpp:37\x1b[m\x1b[K,\n'}
[2.780840] (easy_bot) StderrLine: {'line': b'                 from \x1b[01m\x1b[K/opt/ros/humble/include/rclcpp/rclcpp/executors/multi_threaded_executor.hpp:25\x1b[m\x1b[K,\n'}
[2.780868] (easy_bot) StderrLine: {'line': b'                 from \x1b[01m\x1b[K/opt/ros/humble/include/rclcpp/rclcpp/executors.hpp:21\x1b[m\x1b[K,\n'}
[2.780896] (easy_bot) StderrLine: {'line': b'                 from \x1b[01m\x1b[K/opt/ros/humble/include/rclcpp/rclcpp/rclcpp.hpp:155\x1b[m\x1b[K,\n'}
[2.780923] (easy_bot) StderrLine: {'line': b'                 from \x1b[01m\x1b[K/home/kmra/ros2/easy_bot/ros_ws/src/easy_bot/hardware/easy_bot.cpp:27\x1b[m\x1b[K:\n'}
[2.780951] (easy_bot) StderrLine: {'line': b'\x1b[01m\x1b[K/opt/ros/humble/include/rclcpp/rclcpp/logger.hpp:106:17:\x1b[m\x1b[K \x1b[01;36m\x1b[Knote: \x1b[m\x1b[K\xe2\x80\x98\x1b[01m\x1b[Krclcpp::get_logger\x1b[m\x1b[K\xe2\x80\x99 declared here\n'}
[2.780979] (easy_bot) StderrLine: {'line': b'  106 |   friend Logger \x1b[01;36m\x1b[Krclcpp\x1b[m\x1b[K::get_logger(const std::string & name);\n'}
[2.781007] (easy_bot) StderrLine: {'line': b'      |                 \x1b[01;36m\x1b[K^~~~~~\x1b[m\x1b[K\n'}
[2.781037] (easy_bot) StderrLine: {'line': b'In file included from \x1b[01m\x1b[K/opt/ros/humble/include/rclcpp/rclcpp/client.hpp:40\x1b[m\x1b[K,\n'}
[2.781064] (easy_bot) StderrLine: {'line': b'                 from \x1b[01m\x1b[K/opt/ros/humble/include/rclcpp/rclcpp/callback_group.hpp:24\x1b[m\x1b[K,\n'}
[2.781092] (easy_bot) StderrLine: {'line': b'                 from \x1b[01m\x1b[K/opt/ros/humble/include/rclcpp/rclcpp/any_executable.hpp:20\x1b[m\x1b[K,\n'}
[2.781120] (easy_bot) StderrLine: {'line': b'                 from \x1b[01m\x1b[K/opt/ros/humble/include/rclcpp/rclcpp/memory_strategy.hpp:25\x1b[m\x1b[K,\n'}
[2.781151] (easy_bot) StderrLine: {'line': b'                 from \x1b[01m\x1b[K/opt/ros/humble/include/rclcpp/rclcpp/memory_strategies.hpp:18\x1b[m\x1b[K,\n'}
[2.781179] (easy_bot) StderrLine: {'line': b'                 from \x1b[01m\x1b[K/opt/ros/humble/include/rclcpp/rclcpp/executor_options.hpp:20\x1b[m\x1b[K,\n'}
[2.781207] (easy_bot) StderrLine: {'line': b'                 from \x1b[01m\x1b[K/opt/ros/humble/include/rclcpp/rclcpp/executor.hpp:37\x1b[m\x1b[K,\n'}
[2.781234] (easy_bot) StderrLine: {'line': b'                 from \x1b[01m\x1b[K/opt/ros/humble/include/rclcpp/rclcpp/executors/multi_threaded_executor.hpp:25\x1b[m\x1b[K,\n'}
[2.781261] (easy_bot) StderrLine: {'line': b'                 from \x1b[01m\x1b[K/opt/ros/humble/include/rclcpp/rclcpp/executors.hpp:21\x1b[m\x1b[K,\n'}
[2.781289] (easy_bot) StderrLine: {'line': b'                 from \x1b[01m\x1b[K/opt/ros/humble/include/rclcpp/rclcpp/rclcpp.hpp:155\x1b[m\x1b[K,\n'}
[2.781316] (easy_bot) StderrLine: {'line': b'                 from \x1b[01m\x1b[K/home/kmra/ros2/easy_bot/ros_ws/src/easy_bot/hardware/easy_bot.cpp:27\x1b[m\x1b[K:\n'}
[2.781343] (easy_bot) StderrLine: {'line': b'\x1b[01m\x1b[K/home/kmra/ros2/easy_bot/ros_ws/src/easy_bot/hardware/easy_bot.cpp:134:3:\x1b[m\x1b[K \x1b[01;31m\x1b[Kerror: \x1b[m\x1b[Ktemplate argument 1 is invalid\n'}
[2.781371] (easy_bot) StderrLine: {'line': b'  134 |   \x1b[01;31m\x1b[KRCLCPP_INFO\x1b[m\x1b[K(get_logger(), "Successfully activated!");\n'}
[2.781399] (easy_bot) StderrLine: {'line': b'      |   \x1b[01;31m\x1b[K^~~~~~~~~~~\x1b[m\x1b[K\n'}
[2.781426] (easy_bot) StderrLine: {'line': b'\x1b[01m\x1b[K/home/kmra/ros2/easy_bot/ros_ws/src/easy_bot/hardware/easy_bot.cpp:\x1b[m\x1b[K In member function \xe2\x80\x98\x1b[01m\x1b[Kvirtual hardware_interface::CallbackReturn easy_bot::EasyBotHardware::on_deactivate(const rclcpp_lifecycle::State&)\x1b[m\x1b[K\xe2\x80\x99:\n'}
[2.781455] (easy_bot) StderrLine: {'line': b'\x1b[01m\x1b[K/home/kmra/ros2/easy_bot/ros_ws/src/easy_bot/hardware/easy_bot.cpp:143:15:\x1b[m\x1b[K \x1b[01;31m\x1b[Kerror: \x1b[m\x1b[K\xe2\x80\x98\x1b[01m\x1b[Kget_logger\x1b[m\x1b[K\xe2\x80\x99 was not declared in this scope; did you mean \xe2\x80\x98\x1b[01m\x1b[Krclcpp::get_logger\x1b[m\x1b[K\xe2\x80\x99?\n'}
[2.781487] (easy_bot) StderrLine: {'line': b'  143 |   RCLCPP_INFO(\x1b[01;31m\x1b[Kget_logger\x1b[m\x1b[K(), "Deactivating ...please wait...");\n'}
[2.781515] (easy_bot) StderrLine: {'line': b'      |               \x1b[01;31m\x1b[K^~~~~~~~~~\x1b[m\x1b[K\n'}
[2.781585] (easy_bot) StderrLine: {'line': b'In file included from \x1b[01m\x1b[K/opt/ros/humble/include/rclcpp/rclcpp/logging.hpp:23\x1b[m\x1b[K,\n'}
[2.781711] (easy_bot) StderrLine: {'line': b'                 from \x1b[01m\x1b[K/opt/ros/humble/include/rclcpp/rclcpp/client.hpp:40\x1b[m\x1b[K,\n'}
[2.782022] (easy_bot) StderrLine: {'line': b'                 from \x1b[01m\x1b[K/opt/ros/humble/include/rclcpp/rclcpp/callback_group.hpp:24\x1b[m\x1b[K,\n'}
[2.782085] (easy_bot) StderrLine: {'line': b'                 from \x1b[01m\x1b[K/opt/ros/humble/include/rclcpp/rclcpp/any_executable.hpp:20\x1b[m\x1b[K,\n'}
[2.782120] (easy_bot) StderrLine: {'line': b'                 from \x1b[01m\x1b[K/opt/ros/humble/include/rclcpp/rclcpp/memory_strategy.hpp:25\x1b[m\x1b[K,\n'}
[2.782149] (easy_bot) StderrLine: {'line': b'                 from \x1b[01m\x1b[K/opt/ros/humble/include/rclcpp/rclcpp/memory_strategies.hpp:18\x1b[m\x1b[K,\n'}
[2.782177] (easy_bot) StderrLine: {'line': b'                 from \x1b[01m\x1b[K/opt/ros/humble/include/rclcpp/rclcpp/executor_options.hpp:20\x1b[m\x1b[K,\n'}
[2.782205] (easy_bot) StderrLine: {'line': b'                 from \x1b[01m\x1b[K/opt/ros/humble/include/rclcpp/rclcpp/executor.hpp:37\x1b[m\x1b[K,\n'}
[2.782236] (easy_bot) StderrLine: {'line': b'                 from \x1b[01m\x1b[K/opt/ros/humble/include/rclcpp/rclcpp/executors/multi_threaded_executor.hpp:25\x1b[m\x1b[K,\n'}
[2.782263] (easy_bot) StderrLine: {'line': b'                 from \x1b[01m\x1b[K/opt/ros/humble/include/rclcpp/rclcpp/executors.hpp:21\x1b[m\x1b[K,\n'}
[2.782291] (easy_bot) StderrLine: {'line': b'                 from \x1b[01m\x1b[K/opt/ros/humble/include/rclcpp/rclcpp/rclcpp.hpp:155\x1b[m\x1b[K,\n'}
[2.782319] (easy_bot) StderrLine: {'line': b'                 from \x1b[01m\x1b[K/home/kmra/ros2/easy_bot/ros_ws/src/easy_bot/hardware/easy_bot.cpp:27\x1b[m\x1b[K:\n'}
[2.782347] (easy_bot) StderrLine: {'line': b'\x1b[01m\x1b[K/opt/ros/humble/include/rclcpp/rclcpp/logger.hpp:106:17:\x1b[m\x1b[K \x1b[01;36m\x1b[Knote: \x1b[m\x1b[K\xe2\x80\x98\x1b[01m\x1b[Krclcpp::get_logger\x1b[m\x1b[K\xe2\x80\x99 declared here\n'}
[2.782375] (easy_bot) StderrLine: {'line': b'  106 |   friend Logger \x1b[01;36m\x1b[Krclcpp\x1b[m\x1b[K::get_logger(const std::string & name);\n'}
[2.782405] (easy_bot) StderrLine: {'line': b'      |                 \x1b[01;36m\x1b[K^~~~~~\x1b[m\x1b[K\n'}
[2.782432] (easy_bot) StderrLine: {'line': b'In file included from \x1b[01m\x1b[K/opt/ros/humble/include/rclcpp/rclcpp/client.hpp:40\x1b[m\x1b[K,\n'}
[2.782460] (easy_bot) StderrLine: {'line': b'                 from \x1b[01m\x1b[K/opt/ros/humble/include/rclcpp/rclcpp/callback_group.hpp:24\x1b[m\x1b[K,\n'}
[2.782529] (easy_bot) StderrLine: {'line': b'                 from \x1b[01m\x1b[K/opt/ros/humble/include/rclcpp/rclcpp/any_executable.hpp:20\x1b[m\x1b[K,\n'}
[2.782568] (easy_bot) StderrLine: {'line': b'                 from \x1b[01m\x1b[K/opt/ros/humble/include/rclcpp/rclcpp/memory_strategy.hpp:25\x1b[m\x1b[K,\n'}
[2.782596] (easy_bot) StderrLine: {'line': b'                 from \x1b[01m\x1b[K/opt/ros/humble/include/rclcpp/rclcpp/memory_strategies.hpp:18\x1b[m\x1b[K,\n'}
[2.782623] (easy_bot) StderrLine: {'line': b'                 from \x1b[01m\x1b[K/opt/ros/humble/include/rclcpp/rclcpp/executor_options.hpp:20\x1b[m\x1b[K,\n'}
[2.782650] (easy_bot) StderrLine: {'line': b'                 from \x1b[01m\x1b[K/opt/ros/humble/include/rclcpp/rclcpp/executor.hpp:37\x1b[m\x1b[K,\n'}
[2.782679] (easy_bot) StderrLine: {'line': b'                 from \x1b[01m\x1b[K/opt/ros/humble/include/rclcpp/rclcpp/executors/multi_threaded_executor.hpp:25\x1b[m\x1b[K,\n'}
[2.782711] (easy_bot) StderrLine: {'line': b'                 from \x1b[01m\x1b[K/opt/ros/humble/include/rclcpp/rclcpp/executors.hpp:21\x1b[m\x1b[K,\n'}
[2.782738] (easy_bot) StderrLine: {'line': b'                 from \x1b[01m\x1b[K/opt/ros/humble/include/rclcpp/rclcpp/rclcpp.hpp:155\x1b[m\x1b[K,\n'}
[2.782766] (easy_bot) StderrLine: {'line': b'                 from \x1b[01m\x1b[K/home/kmra/ros2/easy_bot/ros_ws/src/easy_bot/hardware/easy_bot.cpp:27\x1b[m\x1b[K:\n'}
[2.782795] (easy_bot) StderrLine: {'line': b'\x1b[01m\x1b[K/home/kmra/ros2/easy_bot/ros_ws/src/easy_bot/hardware/easy_bot.cpp:143:3:\x1b[m\x1b[K \x1b[01;31m\x1b[Kerror: \x1b[m\x1b[Ktemplate argument 1 is invalid\n'}
[2.782823] (easy_bot) StderrLine: {'line': b'  143 |   \x1b[01;31m\x1b[KRCLCPP_INFO\x1b[m\x1b[K(get_logger(), "Deactivating ...please wait...");\n'}
[2.782852] (easy_bot) StderrLine: {'line': b'      |   \x1b[01;31m\x1b[K^~~~~~~~~~~\x1b[m\x1b[K\n'}
[2.782896] (easy_bot) StderrLine: {'line': b'\x1b[01m\x1b[K/home/kmra/ros2/easy_bot/ros_ws/src/easy_bot/hardware/easy_bot.cpp:148:17:\x1b[m\x1b[K \x1b[01;31m\x1b[Kerror: \x1b[m\x1b[K\xe2\x80\x98\x1b[01m\x1b[Kget_logger\x1b[m\x1b[K\xe2\x80\x99 was not declared in this scope; did you mean \xe2\x80\x98\x1b[01m\x1b[Krclcpp::get_logger\x1b[m\x1b[K\xe2\x80\x99?\n'}
[2.782929] (easy_bot) StderrLine: {'line': b'  148 |     RCLCPP_INFO(\x1b[01;31m\x1b[Kget_logger\x1b[m\x1b[K(), "%.1f seconds left...", hw_stop_sec_ - i);\n'}
[2.782957] (easy_bot) StderrLine: {'line': b'      |                 \x1b[01;31m\x1b[K^~~~~~~~~~\x1b[m\x1b[K\n'}
[2.782984] (easy_bot) StderrLine: {'line': b'In file included from \x1b[01m\x1b[K/opt/ros/humble/include/rclcpp/rclcpp/logging.hpp:23\x1b[m\x1b[K,\n'}
[2.783012] (easy_bot) StderrLine: {'line': b'                 from \x1b[01m\x1b[K/opt/ros/humble/include/rclcpp/rclcpp/client.hpp:40\x1b[m\x1b[K,\n'}
[2.783039] (easy_bot) StderrLine: {'line': b'                 from \x1b[01m\x1b[K/opt/ros/humble/include/rclcpp/rclcpp/callback_group.hpp:24\x1b[m\x1b[K,\n'}
[2.783067] (easy_bot) StderrLine: {'line': b'                 from \x1b[01m\x1b[K/opt/ros/humble/include/rclcpp/rclcpp/any_executable.hpp:20\x1b[m\x1b[K,\n'}
[2.783097] (easy_bot) StderrLine: {'line': b'                 from \x1b[01m\x1b[K/opt/ros/humble/include/rclcpp/rclcpp/memory_strategy.hpp:25\x1b[m\x1b[K,\n'}
[2.783126] (easy_bot) StderrLine: {'line': b'                 from \x1b[01m\x1b[K/opt/ros/humble/include/rclcpp/rclcpp/memory_strategies.hpp:18\x1b[m\x1b[K,\n'}
[2.783154] (easy_bot) StderrLine: {'line': b'                 from \x1b[01m\x1b[K/opt/ros/humble/include/rclcpp/rclcpp/executor_options.hpp:20\x1b[m\x1b[K,\n'}
[2.783182] (easy_bot) StderrLine: {'line': b'                 from \x1b[01m\x1b[K/opt/ros/humble/include/rclcpp/rclcpp/executor.hpp:37\x1b[m\x1b[K,\n'}
[2.783209] (easy_bot) StderrLine: {'line': b'                 from \x1b[01m\x1b[K/opt/ros/humble/include/rclcpp/rclcpp/executors/multi_threaded_executor.hpp:25\x1b[m\x1b[K,\n'}
[2.783240] (easy_bot) StderrLine: {'line': b'                 from \x1b[01m\x1b[K/opt/ros/humble/include/rclcpp/rclcpp/executors.hpp:21\x1b[m\x1b[K,\n'}
[2.783267] (easy_bot) StderrLine: {'line': b'                 from \x1b[01m\x1b[K/opt/ros/humble/include/rclcpp/rclcpp/rclcpp.hpp:155\x1b[m\x1b[K,\n'}
[2.783307] (easy_bot) StderrLine: {'line': b'                 from \x1b[01m\x1b[K/home/kmra/ros2/easy_bot/ros_ws/src/easy_bot/hardware/easy_bot.cpp:27\x1b[m\x1b[K:\n'}
[2.783336] (easy_bot) StderrLine: {'line': b'\x1b[01m\x1b[K/opt/ros/humble/include/rclcpp/rclcpp/logger.hpp:106:17:\x1b[m\x1b[K \x1b[01;36m\x1b[Knote: \x1b[m\x1b[K\xe2\x80\x98\x1b[01m\x1b[Krclcpp::get_logger\x1b[m\x1b[K\xe2\x80\x99 declared here\n'}
[2.783364] (easy_bot) StderrLine: {'line': b'  106 |   friend Logger \x1b[01;36m\x1b[Krclcpp\x1b[m\x1b[K::get_logger(const std::string & name);\n'}
[2.783391] (easy_bot) StderrLine: {'line': b'      |                 \x1b[01;36m\x1b[K^~~~~~\x1b[m\x1b[K\n'}
[2.783419] (easy_bot) StderrLine: {'line': b'In file included from \x1b[01m\x1b[K/opt/ros/humble/include/rclcpp/rclcpp/client.hpp:40\x1b[m\x1b[K,\n'}
[2.783450] (easy_bot) StderrLine: {'line': b'                 from \x1b[01m\x1b[K/opt/ros/humble/include/rclcpp/rclcpp/callback_group.hpp:24\x1b[m\x1b[K,\n'}
[2.783480] (easy_bot) StderrLine: {'line': b'                 from \x1b[01m\x1b[K/opt/ros/humble/include/rclcpp/rclcpp/any_executable.hpp:20\x1b[m\x1b[K,\n'}
[2.783508] (easy_bot) StderrLine: {'line': b'                 from \x1b[01m\x1b[K/opt/ros/humble/include/rclcpp/rclcpp/memory_strategy.hpp:25\x1b[m\x1b[K,\n'}
[2.783568] (easy_bot) StderrLine: {'line': b'                 from \x1b[01m\x1b[K/opt/ros/humble/include/rclcpp/rclcpp/memory_strategies.hpp:18\x1b[m\x1b[K,\n'}
[2.783598] (easy_bot) StderrLine: {'line': b'                 from \x1b[01m\x1b[K/opt/ros/humble/include/rclcpp/rclcpp/executor_options.hpp:20\x1b[m\x1b[K,\n'}
[2.783626] (easy_bot) StderrLine: {'line': b'                 from \x1b[01m\x1b[K/opt/ros/humble/include/rclcpp/rclcpp/executor.hpp:37\x1b[m\x1b[K,\n'}
[2.783653] (easy_bot) StderrLine: {'line': b'                 from \x1b[01m\x1b[K/opt/ros/humble/include/rclcpp/rclcpp/executors/multi_threaded_executor.hpp:25\x1b[m\x1b[K,\n'}
[2.783686] (easy_bot) StderrLine: {'line': b'                 from \x1b[01m\x1b[K/opt/ros/humble/include/rclcpp/rclcpp/executors.hpp:21\x1b[m\x1b[K,\n'}
[2.783714] (easy_bot) StderrLine: {'line': b'                 from \x1b[01m\x1b[K/opt/ros/humble/include/rclcpp/rclcpp/rclcpp.hpp:155\x1b[m\x1b[K,\n'}
[2.783741] (easy_bot) StderrLine: {'line': b'                 from \x1b[01m\x1b[K/home/kmra/ros2/easy_bot/ros_ws/src/easy_bot/hardware/easy_bot.cpp:27\x1b[m\x1b[K:\n'}
[2.783768] (easy_bot) StderrLine: {'line': b'\x1b[01m\x1b[K/home/kmra/ros2/easy_bot/ros_ws/src/easy_bot/hardware/easy_bot.cpp:148:5:\x1b[m\x1b[K \x1b[01;31m\x1b[Kerror: \x1b[m\x1b[Ktemplate argument 1 is invalid\n'}
[2.783796] (easy_bot) StderrLine: {'line': b'  148 |     \x1b[01;31m\x1b[KRCLCPP_INFO\x1b[m\x1b[K(get_logger(), "%.1f seconds left...", hw_stop_sec_ - i);\n'}
[2.783823] (easy_bot) StderrLine: {'line': b'      |     \x1b[01;31m\x1b[K^~~~~~~~~~~\x1b[m\x1b[K\n'}
[2.783850] (easy_bot) StderrLine: {'line': b'\x1b[01m\x1b[K/home/kmra/ros2/easy_bot/ros_ws/src/easy_bot/hardware/easy_bot.cpp:151:15:\x1b[m\x1b[K \x1b[01;31m\x1b[Kerror: \x1b[m\x1b[K\xe2\x80\x98\x1b[01m\x1b[Kget_logger\x1b[m\x1b[K\xe2\x80\x99 was not declared in this scope; did you mean \xe2\x80\x98\x1b[01m\x1b[Krclcpp::get_logger\x1b[m\x1b[K\xe2\x80\x99?\n'}
[2.783878] (easy_bot) StderrLine: {'line': b'  151 |   RCLCPP_INFO(\x1b[01;31m\x1b[Kget_logger\x1b[m\x1b[K(), "Successfully deactivated!");\n'}
[2.783905] (easy_bot) StderrLine: {'line': b'      |               \x1b[01;31m\x1b[K^~~~~~~~~~\x1b[m\x1b[K\n'}
[2.783932] (easy_bot) StderrLine: {'line': b'In file included from \x1b[01m\x1b[K/opt/ros/humble/include/rclcpp/rclcpp/logging.hpp:23\x1b[m\x1b[K,\n'}
[2.783980] (easy_bot) StderrLine: {'line': b'                 from \x1b[01m\x1b[K/opt/ros/humble/include/rclcpp/rclcpp/client.hpp:40\x1b[m\x1b[K,\n'}
[2.784009] (easy_bot) StderrLine: {'line': b'                 from \x1b[01m\x1b[K/opt/ros/humble/include/rclcpp/rclcpp/callback_group.hpp:24\x1b[m\x1b[K,\n'}
[2.784043] (easy_bot) StderrLine: {'line': b'                 from \x1b[01m\x1b[K/opt/ros/humble/include/rclcpp/rclcpp/any_executable.hpp:20\x1b[m\x1b[K,\n'}
[2.784069] (easy_bot) StderrLine: {'line': b'                 from \x1b[01m\x1b[K/opt/ros/humble/include/rclcpp/rclcpp/memory_strategy.hpp:25\x1b[m\x1b[K,\n'}
[2.784097] (easy_bot) StderrLine: {'line': b'                 from \x1b[01m\x1b[K/opt/ros/humble/include/rclcpp/rclcpp/memory_strategies.hpp:18\x1b[m\x1b[K,\n'}
[2.784124] (easy_bot) StderrLine: {'line': b'                 from \x1b[01m\x1b[K/opt/ros/humble/include/rclcpp/rclcpp/executor_options.hpp:20\x1b[m\x1b[K,\n'}
[2.784151] (easy_bot) StderrLine: {'line': b'                 from \x1b[01m\x1b[K/opt/ros/humble/include/rclcpp/rclcpp/executor.hpp:37\x1b[m\x1b[K,\n'}
[2.784178] (easy_bot) StderrLine: {'line': b'                 from \x1b[01m\x1b[K/opt/ros/humble/include/rclcpp/rclcpp/executors/multi_threaded_executor.hpp:25\x1b[m\x1b[K,\n'}
[2.784209] (easy_bot) StderrLine: {'line': b'                 from \x1b[01m\x1b[K/opt/ros/humble/include/rclcpp/rclcpp/executors.hpp:21\x1b[m\x1b[K,\n'}
[2.784236] (easy_bot) StderrLine: {'line': b'                 from \x1b[01m\x1b[K/opt/ros/humble/include/rclcpp/rclcpp/rclcpp.hpp:155\x1b[m\x1b[K,\n'}
[2.784262] (easy_bot) StderrLine: {'line': b'                 from \x1b[01m\x1b[K/home/kmra/ros2/easy_bot/ros_ws/src/easy_bot/hardware/easy_bot.cpp:27\x1b[m\x1b[K:\n'}
[2.784290] (easy_bot) StderrLine: {'line': b'\x1b[01m\x1b[K/opt/ros/humble/include/rclcpp/rclcpp/logger.hpp:106:17:\x1b[m\x1b[K \x1b[01;36m\x1b[Knote: \x1b[m\x1b[K\xe2\x80\x98\x1b[01m\x1b[Krclcpp::get_logger\x1b[m\x1b[K\xe2\x80\x99 declared here\n'}
[2.784319] (easy_bot) StderrLine: {'line': b'  106 |   friend Logger \x1b[01;36m\x1b[Krclcpp\x1b[m\x1b[K::get_logger(const std::string & name);\n'}
[2.784349] (easy_bot) StderrLine: {'line': b'      |                 \x1b[01;36m\x1b[K^~~~~~\x1b[m\x1b[K\n'}
[2.784376] (easy_bot) StderrLine: {'line': b'In file included from \x1b[01m\x1b[K/opt/ros/humble/include/rclcpp/rclcpp/client.hpp:40\x1b[m\x1b[K,\n'}
[2.784403] (easy_bot) StderrLine: {'line': b'                 from \x1b[01m\x1b[K/opt/ros/humble/include/rclcpp/rclcpp/callback_group.hpp:24\x1b[m\x1b[K,\n'}
[2.784429] (easy_bot) StderrLine: {'line': b'                 from \x1b[01m\x1b[K/opt/ros/humble/include/rclcpp/rclcpp/any_executable.hpp:20\x1b[m\x1b[K,\n'}
[2.784456] (easy_bot) StderrLine: {'line': b'                 from \x1b[01m\x1b[K/opt/ros/humble/include/rclcpp/rclcpp/memory_strategy.hpp:25\x1b[m\x1b[K,\n'}
[2.784483] (easy_bot) StderrLine: {'line': b'                 from \x1b[01m\x1b[K/opt/ros/humble/include/rclcpp/rclcpp/memory_strategies.hpp:18\x1b[m\x1b[K,\n'}
[2.784532] (easy_bot) StderrLine: {'line': b'                 from \x1b[01m\x1b[K/opt/ros/humble/include/rclcpp/rclcpp/executor_options.hpp:20\x1b[m\x1b[K,\n'}
[2.784567] (easy_bot) StderrLine: {'line': b'                 from \x1b[01m\x1b[K/opt/ros/humble/include/rclcpp/rclcpp/executor.hpp:37\x1b[m\x1b[K,\n'}
[2.784594] (easy_bot) StderrLine: {'line': b'                 from \x1b[01m\x1b[K/opt/ros/humble/include/rclcpp/rclcpp/executors/multi_threaded_executor.hpp:25\x1b[m\x1b[K,\n'}
[2.784621] (easy_bot) StderrLine: {'line': b'                 from \x1b[01m\x1b[K/opt/ros/humble/include/rclcpp/rclcpp/executors.hpp:21\x1b[m\x1b[K,\n'}
[2.784652] (easy_bot) StderrLine: {'line': b'                 from \x1b[01m\x1b[K/opt/ros/humble/include/rclcpp/rclcpp/rclcpp.hpp:155\x1b[m\x1b[K,\n'}
[2.784678] (easy_bot) StderrLine: {'line': b'                 from \x1b[01m\x1b[K/home/kmra/ros2/easy_bot/ros_ws/src/easy_bot/hardware/easy_bot.cpp:27\x1b[m\x1b[K:\n'}
[2.784709] (easy_bot) StderrLine: {'line': b'\x1b[01m\x1b[K/home/kmra/ros2/easy_bot/ros_ws/src/easy_bot/hardware/easy_bot.cpp:151:3:\x1b[m\x1b[K \x1b[01;31m\x1b[Kerror: \x1b[m\x1b[Ktemplate argument 1 is invalid\n'}
[2.784741] (easy_bot) StderrLine: {'line': b'  151 |   \x1b[01;31m\x1b[KRCLCPP_INFO\x1b[m\x1b[K(get_logger(), "Successfully deactivated!");\n'}
[2.784769] (easy_bot) StderrLine: {'line': b'      |   \x1b[01;31m\x1b[K^~~~~~~~~~~\x1b[m\x1b[K\n'}
[2.786911] (easy_bot) StderrLine: {'line': b'\x1b[01m\x1b[K/home/kmra/ros2/easy_bot/ros_ws/src/easy_bot/hardware/easy_bot.cpp:\x1b[m\x1b[K In member function \xe2\x80\x98\x1b[01m\x1b[Kvirtual hardware_interface::return_type easy_bot::EasyBotHardware::read(const rclcpp::Time&, const rclcpp::Duration&)\x1b[m\x1b[K\xe2\x80\x99:\n'}
[2.787055] (easy_bot) StderrLine: {'line': b'\x1b[01m\x1b[K/home/kmra/ros2/easy_bot/ros_ws/src/easy_bot/hardware/easy_bot.cpp:164:37:\x1b[m\x1b[K \x1b[01;31m\x1b[Kerror: \x1b[m\x1b[K\xe2\x80\x98\x1b[01m\x1b[Kjoint_state_interfaces_\x1b[m\x1b[K\xe2\x80\x99 was not declared in this scope; did you mean \xe2\x80\x98\x1b[01m\x1b[Kexport_state_interfaces\x1b[m\x1b[K\xe2\x80\x99?\n'}
[2.787120] (easy_bot) StderrLine: {'line': b'  164 |   for (const auto & [name, descr] : \x1b[01;31m\x1b[Kjoint_state_interfaces_\x1b[m\x1b[K)\n'}
[2.787178] (easy_bot) StderrLine: {'line': b'      |                                     \x1b[01;31m\x1b[K^~~~~~~~~~~~~~~~~~~~~~~\x1b[m\x1b[K\n'}
[2.787223] (easy_bot) StderrLine: {'line': b'      |                                     \x1b[32m\x1b[Kexport_state_interfaces\x1b[m\x1b[K\n'}
[2.790717] (easy_bot) StderrLine: {'line': b'\x1b[01m\x1b[K/home/kmra/ros2/easy_bot/ros_ws/src/easy_bot/hardware/easy_bot.cpp:167:41:\x1b[m\x1b[K \x1b[01;31m\x1b[Kerror: \x1b[m\x1b[K\xe2\x80\x98\x1b[01m\x1b[Kget_command\x1b[m\x1b[K\xe2\x80\x99 was not declared in this scope\n'}
[2.790777] (easy_bot) StderrLine: {'line': b'  167 |     auto new_value = get_state(name) + (\x1b[01;31m\x1b[Kget_command\x1b[m\x1b[K(name) - get_state(name)) / hw_slowdown_;\n'}
[2.790810] (easy_bot) StderrLine: {'line': b'      |                                         \x1b[01;31m\x1b[K^~~~~~~~~~~\x1b[m\x1b[K\n'}
[2.791415] (easy_bot) StderrLine: {'line': b'In file included from \x1b[01m\x1b[K/opt/ros/humble/include/rclcpp/rclcpp/client.hpp:40\x1b[m\x1b[K,\n'}
[2.791465] (easy_bot) StderrLine: {'line': b'                 from \x1b[01m\x1b[K/opt/ros/humble/include/rclcpp/rclcpp/callback_group.hpp:24\x1b[m\x1b[K,\n'}
[2.791496] (easy_bot) StderrLine: {'line': b'                 from \x1b[01m\x1b[K/opt/ros/humble/include/rclcpp/rclcpp/any_executable.hpp:20\x1b[m\x1b[K,\n'}
[2.791525] (easy_bot) StderrLine: {'line': b'                 from \x1b[01m\x1b[K/opt/ros/humble/include/rclcpp/rclcpp/memory_strategy.hpp:25\x1b[m\x1b[K,\n'}
[2.791553] (easy_bot) StderrLine: {'line': b'                 from \x1b[01m\x1b[K/opt/ros/humble/include/rclcpp/rclcpp/memory_strategies.hpp:18\x1b[m\x1b[K,\n'}
[2.791586] (easy_bot) StderrLine: {'line': b'                 from \x1b[01m\x1b[K/opt/ros/humble/include/rclcpp/rclcpp/executor_options.hpp:20\x1b[m\x1b[K,\n'}
[2.791614] (easy_bot) StderrLine: {'line': b'                 from \x1b[01m\x1b[K/opt/ros/humble/include/rclcpp/rclcpp/executor.hpp:37\x1b[m\x1b[K,\n'}
[2.791641] (easy_bot) StderrLine: {'line': b'                 from \x1b[01m\x1b[K/opt/ros/humble/include/rclcpp/rclcpp/executors/multi_threaded_executor.hpp:25\x1b[m\x1b[K,\n'}
[2.791669] (easy_bot) StderrLine: {'line': b'                 from \x1b[01m\x1b[K/opt/ros/humble/include/rclcpp/rclcpp/executors.hpp:21\x1b[m\x1b[K,\n'}
[2.791699] (easy_bot) StderrLine: {'line': b'                 from \x1b[01m\x1b[K/opt/ros/humble/include/rclcpp/rclcpp/rclcpp.hpp:155\x1b[m\x1b[K,\n'}
[2.791726] (easy_bot) StderrLine: {'line': b'                 from \x1b[01m\x1b[K/home/kmra/ros2/easy_bot/ros_ws/src/easy_bot/hardware/easy_bot.cpp:27\x1b[m\x1b[K:\n'}
[2.791754] (easy_bot) StderrLine: {'line': b'\x1b[01m\x1b[K/home/kmra/ros2/easy_bot/ros_ws/src/easy_bot/hardware/easy_bot.cpp:172:24:\x1b[m\x1b[K \x1b[01;31m\x1b[Kerror: \x1b[m\x1b[K\xe2\x80\x98\x1b[01m\x1b[Kget_logger\x1b[m\x1b[K\xe2\x80\x99 was not declared in this scope; did you mean \xe2\x80\x98\x1b[01m\x1b[Krclcpp::get_logger\x1b[m\x1b[K\xe2\x80\x99?\n'}
[2.791786] (easy_bot) StderrLine: {'line': b'  172 |   RCLCPP_INFO_THROTTLE(\x1b[01;31m\x1b[Kget_logger\x1b[m\x1b[K(), *get_clock(), 500, "%s", ss.str().c_str());\n'}
[2.791813] (easy_bot) StderrLine: {'line': b'      |                        \x1b[01;31m\x1b[K^~~~~~~~~~\x1b[m\x1b[K\n'}
[2.791841] (easy_bot) StderrLine: {'line': b'In file included from \x1b[01m\x1b[K/opt/ros/humble/include/rclcpp/rclcpp/logging.hpp:23\x1b[m\x1b[K,\n'}
[2.791868] (easy_bot) StderrLine: {'line': b'                 from \x1b[01m\x1b[K/opt/ros/humble/include/rclcpp/rclcpp/client.hpp:40\x1b[m\x1b[K,\n'}
[2.791895] (easy_bot) StderrLine: {'line': b'                 from \x1b[01m\x1b[K/opt/ros/humble/include/rclcpp/rclcpp/callback_group.hpp:24\x1b[m\x1b[K,\n'}
[2.791922] (easy_bot) StderrLine: {'line': b'                 from \x1b[01m\x1b[K/opt/ros/humble/include/rclcpp/rclcpp/any_executable.hpp:20\x1b[m\x1b[K,\n'}
[2.791955] (easy_bot) StderrLine: {'line': b'                 from \x1b[01m\x1b[K/opt/ros/humble/include/rclcpp/rclcpp/memory_strategy.hpp:25\x1b[m\x1b[K,\n'}
[2.791986] (easy_bot) StderrLine: {'line': b'                 from \x1b[01m\x1b[K/opt/ros/humble/include/rclcpp/rclcpp/memory_strategies.hpp:18\x1b[m\x1b[K,\n'}
[2.792013] (easy_bot) StderrLine: {'line': b'                 from \x1b[01m\x1b[K/opt/ros/humble/include/rclcpp/rclcpp/executor_options.hpp:20\x1b[m\x1b[K,\n'}
[2.792040] (easy_bot) StderrLine: {'line': b'                 from \x1b[01m\x1b[K/opt/ros/humble/include/rclcpp/rclcpp/executor.hpp:37\x1b[m\x1b[K,\n'}
[2.792066] (easy_bot) StderrLine: {'line': b'                 from \x1b[01m\x1b[K/opt/ros/humble/include/rclcpp/rclcpp/executors/multi_threaded_executor.hpp:25\x1b[m\x1b[K,\n'}
[2.792095] (easy_bot) StderrLine: {'line': b'                 from \x1b[01m\x1b[K/opt/ros/humble/include/rclcpp/rclcpp/executors.hpp:21\x1b[m\x1b[K,\n'}
[2.792123] (easy_bot) StderrLine: {'line': b'                 from \x1b[01m\x1b[K/opt/ros/humble/include/rclcpp/rclcpp/rclcpp.hpp:155\x1b[m\x1b[K,\n'}
[2.792152] (easy_bot) StderrLine: {'line': b'                 from \x1b[01m\x1b[K/home/kmra/ros2/easy_bot/ros_ws/src/easy_bot/hardware/easy_bot.cpp:27\x1b[m\x1b[K:\n'}
[2.792180] (easy_bot) StderrLine: {'line': b'\x1b[01m\x1b[K/opt/ros/humble/include/rclcpp/rclcpp/logger.hpp:106:17:\x1b[m\x1b[K \x1b[01;36m\x1b[Knote: \x1b[m\x1b[K\xe2\x80\x98\x1b[01m\x1b[Krclcpp::get_logger\x1b[m\x1b[K\xe2\x80\x99 declared here\n'}
[2.792211] (easy_bot) StderrLine: {'line': b'  106 |   friend Logger \x1b[01;36m\x1b[Krclcpp\x1b[m\x1b[K::get_logger(const std::string & name);\n'}
[2.792239] (easy_bot) StderrLine: {'line': b'      |                 \x1b[01;36m\x1b[K^~~~~~\x1b[m\x1b[K\n'}
[2.792268] (easy_bot) StderrLine: {'line': b'In file included from \x1b[01m\x1b[K/opt/ros/humble/include/rclcpp/rclcpp/client.hpp:40\x1b[m\x1b[K,\n'}
[2.792295] (easy_bot) StderrLine: {'line': b'                 from \x1b[01m\x1b[K/opt/ros/humble/include/rclcpp/rclcpp/callback_group.hpp:24\x1b[m\x1b[K,\n'}
[2.792414] (easy_bot) StderrLine: {'line': b'                 from \x1b[01m\x1b[K/opt/ros/humble/include/rclcpp/rclcpp/any_executable.hpp:20\x1b[m\x1b[K,\n'}
[2.792451] (easy_bot) StderrLine: {'line': b'                 from \x1b[01m\x1b[K/opt/ros/humble/include/rclcpp/rclcpp/memory_strategy.hpp:25\x1b[m\x1b[K,\n'}
[2.792480] (easy_bot) StderrLine: {'line': b'                 from \x1b[01m\x1b[K/opt/ros/humble/include/rclcpp/rclcpp/memory_strategies.hpp:18\x1b[m\x1b[K,\n'}
[2.792508] (easy_bot) StderrLine: {'line': b'                 from \x1b[01m\x1b[K/opt/ros/humble/include/rclcpp/rclcpp/executor_options.hpp:20\x1b[m\x1b[K,\n'}
[2.792537] (easy_bot) StderrLine: {'line': b'                 from \x1b[01m\x1b[K/opt/ros/humble/include/rclcpp/rclcpp/executor.hpp:37\x1b[m\x1b[K,\n'}
[2.792566] (easy_bot) StderrLine: {'line': b'                 from \x1b[01m\x1b[K/opt/ros/humble/include/rclcpp/rclcpp/executors/multi_threaded_executor.hpp:25\x1b[m\x1b[K,\n'}
[2.792594] (easy_bot) StderrLine: {'line': b'                 from \x1b[01m\x1b[K/opt/ros/humble/include/rclcpp/rclcpp/executors.hpp:21\x1b[m\x1b[K,\n'}
[2.792621] (easy_bot) StderrLine: {'line': b'                 from \x1b[01m\x1b[K/opt/ros/humble/include/rclcpp/rclcpp/rclcpp.hpp:155\x1b[m\x1b[K,\n'}
[2.792649] (easy_bot) StderrLine: {'line': b'                 from \x1b[01m\x1b[K/home/kmra/ros2/easy_bot/ros_ws/src/easy_bot/hardware/easy_bot.cpp:27\x1b[m\x1b[K:\n'}
[2.792677] (easy_bot) StderrLine: {'line': b'\x1b[01m\x1b[K/home/kmra/ros2/easy_bot/ros_ws/src/easy_bot/hardware/easy_bot.cpp:172:3:\x1b[m\x1b[K \x1b[01;31m\x1b[Kerror: \x1b[m\x1b[Ktemplate argument 1 is invalid\n'}
[2.792709] (easy_bot) StderrLine: {'line': b'  172 |   \x1b[01;31m\x1b[KRCLCPP_INFO_THROTTLE\x1b[m\x1b[K(get_logger(), *get_clock(), 500, "%s", ss.str().c_str());\n'}
[2.792737] (easy_bot) StderrLine: {'line': b'      |   \x1b[01;31m\x1b[K^~~~~~~~~~~~~~~~~~~~\x1b[m\x1b[K\n'}
[2.794764] (easy_bot) StderrLine: {'line': b'\x1b[01m\x1b[K/home/kmra/ros2/easy_bot/ros_ws/src/easy_bot/hardware/easy_bot.cpp:172:39:\x1b[m\x1b[K \x1b[01;31m\x1b[Kerror: \x1b[m\x1b[K\xe2\x80\x98\x1b[01m\x1b[Kget_clock\x1b[m\x1b[K\xe2\x80\x99 was not declared in this scope\n'}
[2.794842] (easy_bot) StderrLine: {'line': b'  172 |   RCLCPP_INFO_THROTTLE(get_logger(), *\x1b[01;31m\x1b[Kget_clock\x1b[m\x1b[K(), 500, "%s", ss.str().c_str());\n'}
[2.794884] (easy_bot) StderrLine: {'line': b'      |                                       \x1b[01;31m\x1b[K^~~~~~~~~\x1b[m\x1b[K\n'}
[2.797304] (easy_bot) StderrLine: {'line': b'\x1b[01m\x1b[K/home/kmra/ros2/easy_bot/ros_ws/src/easy_bot/hardware/easy_bot.cpp:\x1b[m\x1b[K In lambda function:\n'}
[2.797411] (easy_bot) StderrLine: {'line': b'\x1b[01m\x1b[K/home/kmra/ros2/easy_bot/ros_ws/src/easy_bot/hardware/easy_bot.cpp:172:3:\x1b[m\x1b[K \x1b[01;31m\x1b[Kerror: \x1b[m\x1b[K\xe2\x80\x98\x1b[01m\x1b[Kc\x1b[m\x1b[K\xe2\x80\x99 was not declared in this scope\n'}
[2.797472] (easy_bot) StderrLine: {'line': b'  172 |   \x1b[01;31m\x1b[KRCLCPP_INFO_THROTTLE\x1b[m\x1b[K(get_logger(), *get_clock(), 500, "%s", ss.str().c_str());\n'}
[2.797529] (easy_bot) StderrLine: {'line': b'      |   \x1b[01;31m\x1b[K^~~~~~~~~~~~~~~~~~~~\x1b[m\x1b[K\n'}
[2.802728] (easy_bot) StderrLine: {'line': b'\x1b[01m\x1b[K/home/kmra/ros2/easy_bot/ros_ws/src/easy_bot/hardware/easy_bot.cpp:\x1b[m\x1b[K In member function \xe2\x80\x98\x1b[01m\x1b[Kvirtual hardware_interface::return_type easy_bot::EasyBotHardware::write(const rclcpp::Time&, const rclcpp::Duration&)\x1b[m\x1b[K\xe2\x80\x99:\n'}
[2.802841] (easy_bot) StderrLine: {'line': b'\x1b[01m\x1b[K/home/kmra/ros2/easy_bot/ros_ws/src/easy_bot/hardware/easy_bot.cpp:185:37:\x1b[m\x1b[K \x1b[01;31m\x1b[Kerror: \x1b[m\x1b[K\xe2\x80\x98\x1b[01m\x1b[Kjoint_command_interfaces_\x1b[m\x1b[K\xe2\x80\x99 was not declared in this scope; did you mean \xe2\x80\x98\x1b[01m\x1b[Kexport_command_interfaces\x1b[m\x1b[K\xe2\x80\x99?\n'}
[2.802904] (easy_bot) StderrLine: {'line': b'  185 |   for (const auto & [name, descr] : \x1b[01;31m\x1b[Kjoint_command_interfaces_\x1b[m\x1b[K)\n'}
[2.802955] (easy_bot) StderrLine: {'line': b'      |                                     \x1b[01;31m\x1b[K^~~~~~~~~~~~~~~~~~~~~~~~~\x1b[m\x1b[K\n'}
[2.803000] (easy_bot) StderrLine: {'line': b'      |                                     \x1b[32m\x1b[Kexport_command_interfaces\x1b[m\x1b[K\n'}
[2.806715] (easy_bot) StderrLine: {'line': b'\x1b[01m\x1b[K/home/kmra/ros2/easy_bot/ros_ws/src/easy_bot/hardware/easy_bot.cpp:189:19:\x1b[m\x1b[K \x1b[01;31m\x1b[Kerror: \x1b[m\x1b[K\xe2\x80\x98\x1b[01m\x1b[Kget_command\x1b[m\x1b[K\xe2\x80\x99 was not declared in this scope\n'}
[2.806859] (easy_bot) StderrLine: {'line': b'  189 |        << "\\t" << \x1b[01;31m\x1b[Kget_command\x1b[m\x1b[K(name) << " for joint \'" << name << "\'";\n'}
[2.806931] (easy_bot) StderrLine: {'line': b'      |                   \x1b[01;31m\x1b[K^~~~~~~~~~~\x1b[m\x1b[K\n'}
[2.807151] (easy_bot) StderrLine: {'line': b'In file included from \x1b[01m\x1b[K/opt/ros/humble/include/rclcpp/rclcpp/client.hpp:40\x1b[m\x1b[K,\n'}
[2.807221] (easy_bot) StderrLine: {'line': b'                 from \x1b[01m\x1b[K/opt/ros/humble/include/rclcpp/rclcpp/callback_group.hpp:24\x1b[m\x1b[K,\n'}
[2.807313] (easy_bot) StderrLine: {'line': b'                 from \x1b[01m\x1b[K/opt/ros/humble/include/rclcpp/rclcpp/any_executable.hpp:20\x1b[m\x1b[K,\n'}
[2.807360] (easy_bot) StderrLine: {'line': b'                 from \x1b[01m\x1b[K/opt/ros/humble/include/rclcpp/rclcpp/memory_strategy.hpp:25\x1b[m\x1b[K,\n'}
[2.807406] (easy_bot) StderrLine: {'line': b'                 from \x1b[01m\x1b[K/opt/ros/humble/include/rclcpp/rclcpp/memory_strategies.hpp:18\x1b[m\x1b[K,\n'}
[2.807449] (easy_bot) StderrLine: {'line': b'                 from \x1b[01m\x1b[K/opt/ros/humble/include/rclcpp/rclcpp/executor_options.hpp:20\x1b[m\x1b[K,\n'}
[2.807491] (easy_bot) StderrLine: {'line': b'                 from \x1b[01m\x1b[K/opt/ros/humble/include/rclcpp/rclcpp/executor.hpp:37\x1b[m\x1b[K,\n'}
[2.807533] (easy_bot) StderrLine: {'line': b'                 from \x1b[01m\x1b[K/opt/ros/humble/include/rclcpp/rclcpp/executors/multi_threaded_executor.hpp:25\x1b[m\x1b[K,\n'}
[2.807584] (easy_bot) StderrLine: {'line': b'                 from \x1b[01m\x1b[K/opt/ros/humble/include/rclcpp/rclcpp/executors.hpp:21\x1b[m\x1b[K,\n'}
[2.807631] (easy_bot) StderrLine: {'line': b'                 from \x1b[01m\x1b[K/opt/ros/humble/include/rclcpp/rclcpp/rclcpp.hpp:155\x1b[m\x1b[K,\n'}
[2.807674] (easy_bot) StderrLine: {'line': b'                 from \x1b[01m\x1b[K/home/kmra/ros2/easy_bot/ros_ws/src/easy_bot/hardware/easy_bot.cpp:27\x1b[m\x1b[K:\n'}
[2.807752] (easy_bot) StderrLine: {'line': b'\x1b[01m\x1b[K/home/kmra/ros2/easy_bot/ros_ws/src/easy_bot/hardware/easy_bot.cpp:191:24:\x1b[m\x1b[K \x1b[01;31m\x1b[Kerror: \x1b[m\x1b[K\xe2\x80\x98\x1b[01m\x1b[Kget_logger\x1b[m\x1b[K\xe2\x80\x99 was not declared in this scope; did you mean \xe2\x80\x98\x1b[01m\x1b[Krclcpp::get_logger\x1b[m\x1b[K\xe2\x80\x99?\n'}
[2.807812] (easy_bot) StderrLine: {'line': b'  191 |   RCLCPP_INFO_THROTTLE(\x1b[01;31m\x1b[Kget_logger\x1b[m\x1b[K(), *get_clock(), 500, "%s", ss.str().c_str());\n'}
[2.807842] (easy_bot) StderrLine: {'line': b'      |                        \x1b[01;31m\x1b[K^~~~~~~~~~\x1b[m\x1b[K\n'}
[2.807870] (easy_bot) StderrLine: {'line': b'In file included from \x1b[01m\x1b[K/opt/ros/humble/include/rclcpp/rclcpp/logging.hpp:23\x1b[m\x1b[K,\n'}
[2.807898] (easy_bot) StderrLine: {'line': b'                 from \x1b[01m\x1b[K/opt/ros/humble/include/rclcpp/rclcpp/client.hpp:40\x1b[m\x1b[K,\n'}
[2.807926] (easy_bot) StderrLine: {'line': b'                 from \x1b[01m\x1b[K/opt/ros/humble/include/rclcpp/rclcpp/callback_group.hpp:24\x1b[m\x1b[K,\n'}
[2.807954] (easy_bot) StderrLine: {'line': b'                 from \x1b[01m\x1b[K/opt/ros/humble/include/rclcpp/rclcpp/any_executable.hpp:20\x1b[m\x1b[K,\n'}
[2.807981] (easy_bot) StderrLine: {'line': b'                 from \x1b[01m\x1b[K/opt/ros/humble/include/rclcpp/rclcpp/memory_strategy.hpp:25\x1b[m\x1b[K,\n'}
[2.808008] (easy_bot) StderrLine: {'line': b'                 from \x1b[01m\x1b[K/opt/ros/humble/include/rclcpp/rclcpp/memory_strategies.hpp:18\x1b[m\x1b[K,\n'}
[2.808035] (easy_bot) StderrLine: {'line': b'                 from \x1b[01m\x1b[K/opt/ros/humble/include/rclcpp/rclcpp/executor_options.hpp:20\x1b[m\x1b[K,\n'}
[2.808062] (easy_bot) StderrLine: {'line': b'                 from \x1b[01m\x1b[K/opt/ros/humble/include/rclcpp/rclcpp/executor.hpp:37\x1b[m\x1b[K,\n'}
[2.808089] (easy_bot) StderrLine: {'line': b'                 from \x1b[01m\x1b[K/opt/ros/humble/include/rclcpp/rclcpp/executors/multi_threaded_executor.hpp:25\x1b[m\x1b[K,\n'}
[2.808116] (easy_bot) StderrLine: {'line': b'                 from \x1b[01m\x1b[K/opt/ros/humble/include/rclcpp/rclcpp/executors.hpp:21\x1b[m\x1b[K,\n'}
[2.808143] (easy_bot) StderrLine: {'line': b'                 from \x1b[01m\x1b[K/opt/ros/humble/include/rclcpp/rclcpp/rclcpp.hpp:155\x1b[m\x1b[K,\n'}
[2.808174] (easy_bot) StderrLine: {'line': b'                 from \x1b[01m\x1b[K/home/kmra/ros2/easy_bot/ros_ws/src/easy_bot/hardware/easy_bot.cpp:27\x1b[m\x1b[K:\n'}
[2.808202] (easy_bot) StderrLine: {'line': b'\x1b[01m\x1b[K/opt/ros/humble/include/rclcpp/rclcpp/logger.hpp:106:17:\x1b[m\x1b[K \x1b[01;36m\x1b[Knote: \x1b[m\x1b[K\xe2\x80\x98\x1b[01m\x1b[Krclcpp::get_logger\x1b[m\x1b[K\xe2\x80\x99 declared here\n'}
[2.808232] (easy_bot) StderrLine: {'line': b'  106 |   friend Logger \x1b[01;36m\x1b[Krclcpp\x1b[m\x1b[K::get_logger(const std::string & name);\n'}
[2.808259] (easy_bot) StderrLine: {'line': b'      |                 \x1b[01;36m\x1b[K^~~~~~\x1b[m\x1b[K\n'}
[2.808286] (easy_bot) StderrLine: {'line': b'In file included from \x1b[01m\x1b[K/opt/ros/humble/include/rclcpp/rclcpp/client.hpp:40\x1b[m\x1b[K,\n'}
[2.808313] (easy_bot) StderrLine: {'line': b'                 from \x1b[01m\x1b[K/opt/ros/humble/include/rclcpp/rclcpp/callback_group.hpp:24\x1b[m\x1b[K,\n'}
[2.808341] (easy_bot) StderrLine: {'line': b'                 from \x1b[01m\x1b[K/opt/ros/humble/include/rclcpp/rclcpp/any_executable.hpp:20\x1b[m\x1b[K,\n'}
[2.808369] (easy_bot) StderrLine: {'line': b'                 from \x1b[01m\x1b[K/opt/ros/humble/include/rclcpp/rclcpp/memory_strategy.hpp:25\x1b[m\x1b[K,\n'}
[2.808399] (easy_bot) StderrLine: {'line': b'                 from \x1b[01m\x1b[K/opt/ros/humble/include/rclcpp/rclcpp/memory_strategies.hpp:18\x1b[m\x1b[K,\n'}
[2.808426] (easy_bot) StderrLine: {'line': b'                 from \x1b[01m\x1b[K/opt/ros/humble/include/rclcpp/rclcpp/executor_options.hpp:20\x1b[m\x1b[K,\n'}
[2.808453] (easy_bot) StderrLine: {'line': b'                 from \x1b[01m\x1b[K/opt/ros/humble/include/rclcpp/rclcpp/executor.hpp:37\x1b[m\x1b[K,\n'}
[2.808480] (easy_bot) StderrLine: {'line': b'                 from \x1b[01m\x1b[K/opt/ros/humble/include/rclcpp/rclcpp/executors/multi_threaded_executor.hpp:25\x1b[m\x1b[K,\n'}
[2.808507] (easy_bot) StderrLine: {'line': b'                 from \x1b[01m\x1b[K/opt/ros/humble/include/rclcpp/rclcpp/executors.hpp:21\x1b[m\x1b[K,\n'}
[2.808534] (easy_bot) StderrLine: {'line': b'                 from \x1b[01m\x1b[K/opt/ros/humble/include/rclcpp/rclcpp/rclcpp.hpp:155\x1b[m\x1b[K,\n'}
[2.808562] (easy_bot) StderrLine: {'line': b'                 from \x1b[01m\x1b[K/home/kmra/ros2/easy_bot/ros_ws/src/easy_bot/hardware/easy_bot.cpp:27\x1b[m\x1b[K:\n'}
[2.808589] (easy_bot) StderrLine: {'line': b'\x1b[01m\x1b[K/home/kmra/ros2/easy_bot/ros_ws/src/easy_bot/hardware/easy_bot.cpp:191:3:\x1b[m\x1b[K \x1b[01;31m\x1b[Kerror: \x1b[m\x1b[Ktemplate argument 1 is invalid\n'}
[2.808617] (easy_bot) StderrLine: {'line': b'  191 |   \x1b[01;31m\x1b[KRCLCPP_INFO_THROTTLE\x1b[m\x1b[K(get_logger(), *get_clock(), 500, "%s", ss.str().c_str());\n'}
[2.808645] (easy_bot) StderrLine: {'line': b'      |   \x1b[01;31m\x1b[K^~~~~~~~~~~~~~~~~~~~\x1b[m\x1b[K\n'}
[2.810317] (easy_bot) StderrLine: {'line': b'\x1b[01m\x1b[K/home/kmra/ros2/easy_bot/ros_ws/src/easy_bot/hardware/easy_bot.cpp:191:39:\x1b[m\x1b[K \x1b[01;31m\x1b[Kerror: \x1b[m\x1b[K\xe2\x80\x98\x1b[01m\x1b[Kget_clock\x1b[m\x1b[K\xe2\x80\x99 was not declared in this scope\n'}
[2.810420] (easy_bot) StderrLine: {'line': b'  191 |   RCLCPP_INFO_THROTTLE(get_logger(), *\x1b[01;31m\x1b[Kget_clock\x1b[m\x1b[K(), 500, "%s", ss.str().c_str());\n'}
[2.810476] (easy_bot) StderrLine: {'line': b'      |                                       \x1b[01;31m\x1b[K^~~~~~~~~\x1b[m\x1b[K\n'}
[2.812740] (easy_bot) StderrLine: {'line': b'\x1b[01m\x1b[K/home/kmra/ros2/easy_bot/ros_ws/src/easy_bot/hardware/easy_bot.cpp:\x1b[m\x1b[K In lambda function:\n'}
[2.812813] (easy_bot) StderrLine: {'line': b'\x1b[01m\x1b[K/home/kmra/ros2/easy_bot/ros_ws/src/easy_bot/hardware/easy_bot.cpp:191:3:\x1b[m\x1b[K \x1b[01;31m\x1b[Kerror: \x1b[m\x1b[K\xe2\x80\x98\x1b[01m\x1b[Kc\x1b[m\x1b[K\xe2\x80\x99 was not declared in this scope\n'}
[2.812854] (easy_bot) StderrLine: {'line': b'  191 |   \x1b[01;31m\x1b[KRCLCPP_INFO_THROTTLE\x1b[m\x1b[K(get_logger(), *get_clock(), 500, "%s", ss.str().c_str());\n'}
[2.812885] (easy_bot) StderrLine: {'line': b'      |   \x1b[01;31m\x1b[K^~~~~~~~~~~~~~~~~~~~\x1b[m\x1b[K\n'}
[2.822768] (-) TimerEvent: {}
[2.923539] (-) TimerEvent: {}
[3.024096] (-) TimerEvent: {}
[3.124790] (-) TimerEvent: {}
[3.126053] (easy_bot) StderrLine: {'line': b'In file included from \x1b[01m\x1b[K/opt/ros/humble/include/class_loader/class_loader/class_loader_core.hpp:57\x1b[m\x1b[K,\n'}
[3.126208] (easy_bot) StderrLine: {'line': b'                 from \x1b[01m\x1b[K/opt/ros/humble/include/class_loader/class_loader/class_loader.hpp:55\x1b[m\x1b[K,\n'}
[3.126246] (easy_bot) StderrLine: {'line': b'                 from \x1b[01m\x1b[K/opt/ros/humble/include/pluginlib/pluginlib/class_list_macros.hpp:40\x1b[m\x1b[K,\n'}
[3.126279] (easy_bot) StderrLine: {'line': b'                 from \x1b[01m\x1b[K/home/kmra/ros2/easy_bot/ros_ws/src/easy_bot/hardware/easy_bot.cpp:199\x1b[m\x1b[K:\n'}
[3.126307] (easy_bot) StderrLine: {'line': b'/opt/ros/humble/include/class_loader/class_loader/meta_object.hpp: In instantiation of \xe2\x80\x98\x1b[01m\x1b[KB* class_loader::impl::MetaObject<C, B>::create() const [with C = easy_bot::EasyBotHardware; B = hardware_interface::SystemInterface]\x1b[m\x1b[K\xe2\x80\x99:\n'}
[3.126339] (easy_bot) StderrLine: {'line': b'\x1b[01m\x1b[K/opt/ros/humble/include/class_loader/class_loader/meta_object.hpp:216:7:\x1b[m\x1b[K   required from here\n'}
[3.126375] (easy_bot) StderrLine: {'line': b'\x1b[01m\x1b[K/opt/ros/humble/include/class_loader/class_loader/meta_object.hpp:218:12:\x1b[m\x1b[K \x1b[01;31m\x1b[Kerror: \x1b[m\x1b[Kinvalid new-expression of abstract class type \xe2\x80\x98\x1b[01m\x1b[Keasy_bot::EasyBotHardware\x1b[m\x1b[K\xe2\x80\x99\n'}
[3.126406] (easy_bot) StderrLine: {'line': b'  218 |     return \x1b[01;31m\x1b[Knew C\x1b[m\x1b[K;\n'}
[3.126435] (easy_bot) StderrLine: {'line': b'      |            \x1b[01;31m\x1b[K^~~~~\x1b[m\x1b[K\n'}
[3.126462] (easy_bot) StderrLine: {'line': b'In file included from \x1b[01m\x1b[K/home/kmra/ros2/easy_bot/ros_ws/src/easy_bot/hardware/easy_bot.cpp:15\x1b[m\x1b[K:\n'}
[3.126488] (easy_bot) StderrLine: {'line': b'\x1b[01m\x1b[K/home/kmra/ros2/easy_bot/ros_ws/src/easy_bot/hardware/include/easy_bot.hpp:32:7:\x1b[m\x1b[K \x1b[01;36m\x1b[Knote: \x1b[m\x1b[K  because the following virtual functions are pure within \xe2\x80\x98\x1b[01m\x1b[Keasy_bot::EasyBotHardware\x1b[m\x1b[K\xe2\x80\x99:\n'}
[3.126519] (easy_bot) StderrLine: {'line': b'   32 | class \x1b[01;36m\x1b[KEasyBotHardware\x1b[m\x1b[K : public hardware_interface::SystemInterface\n'}
[3.126549] (easy_bot) StderrLine: {'line': b'      |       \x1b[01;36m\x1b[K^~~~~~~~~~~~~~~\x1b[m\x1b[K\n'}
[3.126575] (easy_bot) StderrLine: {'line': b'In file included from \x1b[01m\x1b[K/home/kmra/ros2/easy_bot/ros_ws/src/easy_bot/hardware/include/easy_bot.hpp:24\x1b[m\x1b[K,\n'}
[3.126601] (easy_bot) StderrLine: {'line': b'                 from \x1b[01m\x1b[K/home/kmra/ros2/easy_bot/ros_ws/src/easy_bot/hardware/easy_bot.cpp:15\x1b[m\x1b[K:\n'}
[3.126628] (easy_bot) StderrLine: {'line': b'\x1b[01m\x1b[K/opt/ros/humble/include/hardware_interface/hardware_interface/system_interface.hpp:126:39:\x1b[m\x1b[K \x1b[01;36m\x1b[Knote: \x1b[m\x1b[K    \xe2\x80\x98\x1b[01m\x1b[Kvirtual std::vector<hardware_interface::StateInterface> hardware_interface::SystemInterface::export_state_interfaces()\x1b[m\x1b[K\xe2\x80\x99\n'}
[3.126657] (easy_bot) StderrLine: {'line': b'  126 |   virtual std::vector<StateInterface> \x1b[01;36m\x1b[Kexport_state_interfaces\x1b[m\x1b[K() = 0;\n'}
[3.126683] (easy_bot) StderrLine: {'line': b'      |                                       \x1b[01;36m\x1b[K^~~~~~~~~~~~~~~~~~~~~~~\x1b[m\x1b[K\n'}
[3.126710] (easy_bot) StderrLine: {'line': b'\x1b[01m\x1b[K/opt/ros/humble/include/hardware_interface/hardware_interface/system_interface.hpp:137:41:\x1b[m\x1b[K \x1b[01;36m\x1b[Knote: \x1b[m\x1b[K    \xe2\x80\x98\x1b[01m\x1b[Kvirtual std::vector<hardware_interface::CommandInterface> hardware_interface::SystemInterface::export_command_interfaces()\x1b[m\x1b[K\xe2\x80\x99\n'}
[3.126737] (easy_bot) StderrLine: {'line': b'  137 |   virtual std::vector<CommandInterface> \x1b[01;36m\x1b[Kexport_command_interfaces\x1b[m\x1b[K() = 0;\n'}
[3.126763] (easy_bot) StderrLine: {'line': b'      |                                         \x1b[01;36m\x1b[K^~~~~~~~~~~~~~~~~~~~~~~~~\x1b[m\x1b[K\n'}
[3.198118] (easy_bot) StderrLine: {'line': b'gmake[2]: *** [CMakeFiles/easy_bot_hardware.dir/build.make:76\xef\xbc\x9aCMakeFiles/easy_bot_hardware.dir/hardware/easy_bot.cpp.o] \xe9\x94\x99\xe8\xaf\xaf 1\n'}
[3.198425] (easy_bot) StderrLine: {'line': b'gmake[1]: *** [CMakeFiles/Makefile2:137\xef\xbc\x9aCMakeFiles/easy_bot_hardware.dir/all] \xe9\x94\x99\xe8\xaf\xaf 2\n'}
[3.198697] (easy_bot) StderrLine: {'line': b'gmake: *** [Makefile:146\xef\xbc\x9aall] \xe9\x94\x99\xe8\xaf\xaf 2\n'}
[3.200769] (easy_bot) CommandEnded: {'returncode': 2}
[3.208479] (easy_bot) JobEnded: {'identifier': 'easy_bot', 'rc': 2}
[3.219376] (-) EventReactorShutdown: {}
