[0.000000] (-) TimerEvent: {}
[0.000119] (easy_bot) JobQueued: {'identifier': 'easy_bot', 'dependencies': OrderedDict()}
[0.000142] (easy_bot) JobStarted: {'identifier': 'easy_bot'}
[0.019640] (easy_bot) JobProgress: {'identifier': 'easy_bot', 'progress': 'cmake'}
[0.021641] (easy_bot) JobProgress: {'identifier': 'easy_bot', 'progress': 'build'}
[0.021696] (easy_bot) Command: {'cmd': ['/usr/bin/cmake', '--build', '/home/kmra/ros2/easy_bot/ros_ws/build/easy_bot', '--', '-j4', '-l4'], 'cwd': '/home/kmra/ros2/easy_bot/ros_ws/build/easy_bot', 'env': OrderedDict([('GJS_DEBUG_TOPICS', 'JS ERROR;JS LOG'), ('PYTHON_BASIC_REPL', '1'), ('LESSOPEN', '| /usr/bin/lesspipe %s'), ('LANGUAGE', 'zh_CN:zh'), ('USER', 'kmra'), ('XDG_SESSION_TYPE', 'wayland'), ('GIT_ASKPASS', '/usr/share/code/resources/app/extensions/git/dist/askpass.sh'), ('SHLVL', '1'), ('LD_LIBRARY_PATH', '/usr/lib/x86_64-linux-gnu/gazebo-11/plugins:/opt/ros/humble/opt/rviz_ogre_vendor/lib:/opt/ros/humble/lib/x86_64-linux-gnu:/opt/ros/humble/lib'), ('HOME', '/home/kmra'), ('CHROME_DESKTOP', 'code.desktop'), ('OLDPWD', '/home/kmra/ros2'), ('TERM_PROGRAM_VERSION', '1.113.0'), ('DESKTOP_SESSION', 'ubuntu'), ('GIO_LAUNCHED_DESKTOP_FILE', '/usr/share/applications/code.desktop'), ('ROS_PYTHON_VERSION', '3'), ('GNOME_SHELL_SESSION_MODE', 'ubuntu'), ('GTK_MODULES', 'gail:atk-bridge'), ('VSCODE_GIT_ASKPASS_MAIN', '/usr/share/code/resources/app/extensions/git/dist/askpass-main.js'), ('VSCODE_GIT_ASKPASS_NODE', '/usr/share/code/code'), ('MANAGERPID', '1564'), ('PYDEVD_DISABLE_FILE_VALIDATION', '1'), ('SYSTEMD_EXEC_PID', '1726'), ('BUNDLED_DEBUGPY_PATH', '/home/kmra/.vscode/extensions/ms-python.debugpy-2025.18.0-linux-x64/bundled/libs/debugpy'), ('IM_CONFIG_CHECK_ENV', '1'), ('VSCODE_PYTHON_AUTOACTIVATE_GUARD', '1'), ('DBUS_SESSION_BUS_ADDRESS', 'unix:path=/run/user/1000/bus'), ('COLORTERM', 'truecolor'), ('GIO_LAUNCHED_DESKTOP_FILE_PID', '2809'), ('IM_CONFIG_PHASE', '1'), ('WAYLAND_DISPLAY', 'wayland-0'), ('ROS_DISTRO', 'humble'), ('LOGNAME', 'kmra'), ('JOURNAL_STREAM', '8:22389'), ('_', '/usr/bin/colcon'), ('ROS_VERSION', '2'), ('XDG_SESSION_CLASS', 'user'), ('USERNAME', 'kmra'), ('TERM', 'xterm-256color'), ('GNOME_DESKTOP_SESSION_ID', 'this-is-deprecated'), ('FC_FONTATIONS', '1'), ('ROS_LOCALHOST_ONLY', '0'), ('PATH', '/opt/ros/humble/bin:/usr/local/sbin:/usr/local/bin:/usr/sbin:/usr/bin:/sbin:/bin:/usr/games:/usr/local/games:/snap/bin:/snap/bin:/home/kmra/.vscode/extensions/ms-python.debugpy-2025.18.0-linux-x64/bundled/scripts/noConfigScripts'), ('SESSION_MANAGER', 'local/Yuki:@/tmp/.ICE-unix/1698,unix/Yuki:/tmp/.ICE-unix/1698'), ('INVOCATION_ID', 'b218222e99414544a796cd97b980410a'), ('XDG_MENU_PREFIX', 'gnome-'), ('GNOME_SETUP_DISPLAY', ':1'), ('XDG_RUNTIME_DIR', '/run/user/1000'), ('GDK_BACKEND', 'wayland'), ('DISPLAY', ':0'), ('VSCODE_DEBUGPY_ADAPTER_ENDPOINTS', '/home/kmra/.vscode/extensions/ms-python.debugpy-2025.18.0-linux-x64/.noConfigDebugAdapterEndpoints/endpoint-5e33a6a512d9972c.txt'), ('LANG', 'zh_CN.UTF-8'), ('XDG_CURRENT_DESKTOP', 'ubuntu:GNOME'), ('PYTHONSTARTUP', '/home/kmra/.config/Code/User/workspaceStorage/18c69521950b8abf0837b3a79e8fb73c/ms-python.python/pythonrc.py'), ('XMODIFIERS', '@im=ibus'), ('XDG_SESSION_DESKTOP', 'ubuntu'), ('XAUTHORITY', '/run/user/1000/.mutter-Xwaylandauth.56H9M3'), ('LS_COLORS', 'rs=0:di=01;34:ln=01;36:mh=00:pi=40;33:so=01;35:do=01;35:bd=40;33;01:cd=40;33;01:or=40;31;01:mi=00:su=37;41:sg=30;43:ca=30;41:tw=30;42:ow=34;42:st=37;44:ex=01;32:*.tar=01;31:*.tgz=01;31:*.arc=01;31:*.arj=01;31:*.taz=01;31:*.lha=01;31:*.lz4=01;31:*.lzh=01;31:*.lzma=01;31:*.tlz=01;31:*.txz=01;31:*.tzo=01;31:*.t7z=01;31:*.zip=01;31:*.z=01;31:*.dz=01;31:*.gz=01;31:*.lrz=01;31:*.lz=01;31:*.lzo=01;31:*.xz=01;31:*.zst=01;31:*.tzst=01;31:*.bz2=01;31:*.bz=01;31:*.tbz=01;31:*.tbz2=01;31:*.tz=01;31:*.deb=01;31:*.rpm=01;31:*.jar=01;31:*.war=01;31:*.ear=01;31:*.sar=01;31:*.rar=01;31:*.alz=01;31:*.ace=01;31:*.zoo=01;31:*.cpio=01;31:*.7z=01;31:*.rz=01;31:*.cab=01;31:*.wim=01;31:*.swm=01;31:*.dwm=01;31:*.esd=01;31:*.jpg=01;35:*.jpeg=01;35:*.mjpg=01;35:*.mjpeg=01;35:*.gif=01;35:*.bmp=01;35:*.pbm=01;35:*.pgm=01;35:*.ppm=01;35:*.tga=01;35:*.xbm=01;35:*.xpm=01;35:*.tif=01;35:*.tiff=01;35:*.png=01;35:*.svg=01;35:*.svgz=01;35:*.mng=01;35:*.pcx=01;35:*.mov=01;35:*.mpg=01;35:*.mpeg=01;35:*.m2v=01;35:*.mkv=01;35:*.webm=01;35:*.webp=01;35:*.ogm=01;35:*.mp4=01;35:*.m4v=01;35:*.mp4v=01;35:*.vob=01;35:*.qt=01;35:*.nuv=01;35:*.wmv=01;35:*.asf=01;35:*.rm=01;35:*.rmvb=01;35:*.flc=01;35:*.avi=01;35:*.fli=01;35:*.flv=01;35:*.gl=01;35:*.dl=01;35:*.xcf=01;35:*.xwd=01;35:*.yuv=01;35:*.cgm=01;35:*.emf=01;35:*.ogv=01;35:*.ogx=01;35:*.aac=00;36:*.au=00;36:*.flac=00;36:*.m4a=00;36:*.mid=00;36:*.midi=00;36:*.mka=00;36:*.mp3=00;36:*.mpc=00;36:*.ogg=00;36:*.ra=00;36:*.wav=00;36:*.oga=00;36:*.opus=00;36:*.spx=00;36:*.xspf=00;36:'), ('VSCODE_GIT_IPC_HANDLE', '/run/user/1000/vscode-git-f55fb7437f.sock'), ('TERM_PROGRAM', 'vscode'), ('SSH_AGENT_LAUNCHER', 'gnome-keyring'), ('SSH_AUTH_SOCK', '/run/user/1000/keyring/ssh'), ('AMENT_PREFIX_PATH', '/opt/ros/humble'), ('SHELL', '/bin/bash'), ('QT_ACCESSIBILITY', '1'), ('GDMSESSION', 'ubuntu'), ('LESSCLOSE', '/usr/bin/lesspipe %s %s'), ('GJS_DEBUG_OUTPUT', 'stderr'), ('VSCODE_GIT_ASKPASS_EXTRA_ARGS', ''), ('QT_IM_MODULE', 'ibus'), ('PWD', '/home/kmra/ros2/easy_bot/ros_ws/build/easy_bot'), ('XDG_CONFIG_DIRS', '/etc/xdg/xdg-ubuntu:/etc/xdg'), ('XDG_DATA_DIRS', '/usr/share/ubuntu:/usr/local/share/:/usr/share/:/var/lib/snapd/desktop'), ('PYTHONPATH', '/opt/ros/humble/lib/python3.10/site-packages:/opt/ros/humble/local/lib/python3.10/dist-packages'), ('COLCON', '1'), ('CMAKE_PREFIX_PATH', '/opt/ros/humble')]), 'shell': False}
[0.099393] (-) TimerEvent: {}
[0.111069] (easy_bot) StdoutLine: {'line': b'-- Found ament_cmake: 1.3.14 (/opt/ros/humble/share/ament_cmake/cmake)\n'}
[0.207548] (-) TimerEvent: {}
[0.312372] (-) TimerEvent: {}
[0.315221] (easy_bot) StdoutLine: {'line': b'-- Found rclcpp: 16.0.19 (/opt/ros/humble/share/rclcpp/cmake)\n'}
[0.368126] (easy_bot) StdoutLine: {'line': b'-- Found rosidl_generator_c: 3.1.8 (/opt/ros/humble/share/rosidl_generator_c/cmake)\n'}
[0.371397] (easy_bot) StdoutLine: {'line': b'-- Found rosidl_adapter: 3.1.8 (/opt/ros/humble/share/rosidl_adapter/cmake)\n'}
[0.384712] (easy_bot) StdoutLine: {'line': b'-- Found rosidl_generator_cpp: 3.1.8 (/opt/ros/humble/share/rosidl_generator_cpp/cmake)\n'}
[0.399289] (easy_bot) StdoutLine: {'line': b'-- Using all available rosidl_typesupport_c: rosidl_typesupport_fastrtps_c;rosidl_typesupport_introspection_c\n'}
[0.412514] (-) TimerEvent: {}
[0.416793] (easy_bot) StdoutLine: {'line': b'-- Using all available rosidl_typesupport_cpp: rosidl_typesupport_fastrtps_cpp;rosidl_typesupport_introspection_cpp\n'}
[0.469745] (easy_bot) StdoutLine: {'line': b'-- Found rmw_implementation_cmake: 6.1.2 (/opt/ros/humble/share/rmw_implementation_cmake/cmake)\n'}
[0.473122] (easy_bot) StdoutLine: {'line': b'-- Found rmw_fastrtps_cpp: 6.2.10 (/opt/ros/humble/share/rmw_fastrtps_cpp/cmake)\n'}
[0.512863] (-) TimerEvent: {}
[0.582496] (easy_bot) StdoutLine: {'line': b"-- Using RMW implementation 'rmw_fastrtps_cpp' as default\n"}
[0.613478] (-) TimerEvent: {}
[0.655847] (easy_bot) StdoutLine: {'line': b'-- Found hardware_interface: 2.53.1 (/opt/ros/humble/share/hardware_interface/cmake)\n'}
[0.713638] (-) TimerEvent: {}
[0.813882] (-) TimerEvent: {}
[0.823399] (easy_bot) StdoutLine: {'line': b'-- Found ament_lint_auto: 0.12.15 (/opt/ros/humble/share/ament_lint_auto/cmake)\n'}
[0.897521] (easy_bot) StdoutLine: {'line': b"-- Added test 'cppcheck' to perform static code analysis on C / C++ code\n"}
[0.898250] (easy_bot) StdoutLine: {'line': b'-- Configured cppcheck include dirs: $<BUILD_INTERFACE:/home/kmra/ros2/easy_bot/ros_ws/src/easy_bot/hardware/include>\n'}
[0.898330] (easy_bot) StdoutLine: {'line': b'-- Configured cppcheck exclude dirs and/or files: \n'}
[0.898381] (easy_bot) StdoutLine: {'line': b"-- Added test 'flake8' to check Python code syntax and style conventions\n"}
[0.899053] (easy_bot) StdoutLine: {'line': b"-- Added test 'lint_cmake' to check CMake code style\n"}
[0.899941] (easy_bot) StdoutLine: {'line': b"-- Added test 'pep257' to check Python code against some of the docstring style conventions in PEP 257\n"}
[0.904320] (easy_bot) StdoutLine: {'line': b"-- Added test 'uncrustify' to check C / C++ code style\n"}
[0.904456] (easy_bot) StdoutLine: {'line': b'-- Configured uncrustify additional arguments: \n'}
[0.905300] (easy_bot) StdoutLine: {'line': b"-- Added test 'xmllint' to check XML markup files\n"}
[0.909870] (easy_bot) StdoutLine: {'line': b'-- Configuring done\n'}
[0.914536] (-) TimerEvent: {}
[0.930239] (easy_bot) StdoutLine: {'line': b'-- Generating done\n'}
[0.935533] (easy_bot) StdoutLine: {'line': b'-- Build files have been written to: /home/kmra/ros2/easy_bot/ros_ws/build/easy_bot\n'}
[0.965307] (easy_bot) StdoutLine: {'line': b'\x1b[35m\x1b[1mConsolidate compiler generated dependencies of target easy_bot_hardware\x1b[0m\n'}
[1.015575] (-) TimerEvent: {}
[1.017292] (easy_bot) StdoutLine: {'line': b'[ 50%] \x1b[32mBuilding CXX object CMakeFiles/easy_bot_hardware.dir/hardware/easy_bot.cpp.o\x1b[0m\n'}
[1.115886] (-) TimerEvent: {}
[1.216386] (-) TimerEvent: {}
[1.316738] (-) TimerEvent: {}
[1.417186] (-) TimerEvent: {}
[1.517684] (-) TimerEvent: {}
[1.618294] (-) TimerEvent: {}
[1.718967] (-) TimerEvent: {}
[1.819465] (-) TimerEvent: {}
[1.874795] (easy_bot) StderrLine: {'line': b'In file included from \x1b[01m\x1b[K/home/kmra/ros2/easy_bot/ros_ws/src/easy_bot/hardware/easy_bot.cpp:15\x1b[m\x1b[K:\n'}
[1.875008] (easy_bot) StderrLine: {'line': b'\x1b[01m\x1b[K/home/kmra/ros2/easy_bot/ros_ws/src/easy_bot/hardware/include/easy_bot.hpp:38:31:\x1b[m\x1b[K \x1b[01;31m\x1b[Kerror: \x1b[m\x1b[K\xe2\x80\x98\x1b[01m\x1b[KHardwareComponentInterfaceParams\x1b[m\x1b[K\xe2\x80\x99 in namespace \xe2\x80\x98\x1b[01m\x1b[Khardware_interface\x1b[m\x1b[K\xe2\x80\x99 does not name a type\n'}
[1.875049] (easy_bot) StderrLine: {'line': b'   38 |     const hardware_interface::\x1b[01;31m\x1b[KHardwareComponentInterfaceParams\x1b[m\x1b[K & params) override;\n'}
[1.875085] (easy_bot) StderrLine: {'line': b'      |                               \x1b[01;31m\x1b[K^~~~~~~~~~~~~~~~~~~~~~~~~~~~~~~~\x1b[m\x1b[K\n'}
[1.875119] (easy_bot) StderrLine: {'line': b'\x1b[01m\x1b[K/home/kmra/ros2/easy_bot/ros_ws/src/easy_bot/hardware/include/easy_bot.hpp:37:38:\x1b[m\x1b[K \x1b[01;31m\x1b[Kerror: \x1b[m\x1b[K\xe2\x80\x98\x1b[01m\x1b[Khardware_interface::CallbackReturn easy_bot::EasyBotHardware::on_init(const int&)\x1b[m\x1b[K\xe2\x80\x99 marked \xe2\x80\x98\x1b[01m\x1b[Koverride\x1b[m\x1b[K\xe2\x80\x99, but does not override\n'}
[1.875152] (easy_bot) StderrLine: {'line': b'   37 |   hardware_interface::CallbackReturn \x1b[01;31m\x1b[Kon_init\x1b[m\x1b[K(\n'}
[1.875183] (easy_bot) StderrLine: {'line': b'      |                                      \x1b[01;31m\x1b[K^~~~~~~\x1b[m\x1b[K\n'}
[1.919890] (-) TimerEvent: {}
[2.020791] (-) TimerEvent: {}
[2.122482] (-) TimerEvent: {}
[2.223574] (-) TimerEvent: {}
[2.324566] (-) TimerEvent: {}
[2.427503] (-) TimerEvent: {}
[2.528050] (-) TimerEvent: {}
[2.628626] (-) TimerEvent: {}
[2.729806] (-) TimerEvent: {}
[2.831390] (-) TimerEvent: {}
[2.935303] (-) TimerEvent: {}
[3.035762] (-) TimerEvent: {}
[3.136369] (-) TimerEvent: {}
[3.236828] (-) TimerEvent: {}
[3.295498] (easy_bot) StderrLine: {'line': b'\x1b[01m\x1b[K/home/kmra/ros2/easy_bot/ros_ws/src/easy_bot/hardware/easy_bot.cpp:32:29:\x1b[m\x1b[K \x1b[01;31m\x1b[Kerror: \x1b[m\x1b[K\xe2\x80\x98\x1b[01m\x1b[KHardwareComponentInterfaceParams\x1b[m\x1b[K\xe2\x80\x99 in namespace \xe2\x80\x98\x1b[01m\x1b[Khardware_interface\x1b[m\x1b[K\xe2\x80\x99 does not name a type\n'}
[3.295861] (easy_bot) StderrLine: {'line': b'   32 |   const hardware_interface::\x1b[01;31m\x1b[KHardwareComponentInterfaceParams\x1b[m\x1b[K & params)\n'}
[3.295918] (easy_bot) StderrLine: {'line': b'      |                             \x1b[01;31m\x1b[K^~~~~~~~~~~~~~~~~~~~~~~~~~~~~~~~\x1b[m\x1b[K\n'}
[3.295955] (easy_bot) StderrLine: {'line': b'\x1b[01m\x1b[K/home/kmra/ros2/easy_bot/ros_ws/src/easy_bot/hardware/easy_bot.cpp:\x1b[m\x1b[K In member function \xe2\x80\x98\x1b[01m\x1b[Khardware_interface::CallbackReturn easy_bot::EasyBotHardware::on_init(const int&)\x1b[m\x1b[K\xe2\x80\x99:\n'}
[3.296007] (easy_bot) StderrLine: {'line': b'\x1b[01m\x1b[K/home/kmra/ros2/easy_bot/ros_ws/src/easy_bot/hardware/easy_bot.cpp:35:50:\x1b[m\x1b[K \x1b[01;31m\x1b[Kerror: \x1b[m\x1b[Kcannot convert \xe2\x80\x98\x1b[01m\x1b[Kconst int\x1b[m\x1b[K\xe2\x80\x99 to \xe2\x80\x98\x1b[01m\x1b[Kconst hardware_interface::HardwareInfo&\x1b[m\x1b[K\xe2\x80\x99\n'}
[3.296054] (easy_bot) StderrLine: {'line': b'   35 |     hardware_interface::SystemInterface::on_init(\x1b[01;31m\x1b[Kparams\x1b[m\x1b[K) !=\n'}
[3.296120] (easy_bot) StderrLine: {'line': b'      |                                                  \x1b[01;31m\x1b[K^~~~~~\x1b[m\x1b[K\n'}
[3.296155] (easy_bot) StderrLine: {'line': b'      |                                                  \x1b[01;31m\x1b[K|\x1b[m\x1b[K\n'}
[3.296186] (easy_bot) StderrLine: {'line': b'      |                                                  \x1b[01;31m\x1b[Kconst int\x1b[m\x1b[K\n'}
[3.297185] (easy_bot) StderrLine: {'line': b'In file included from \x1b[01m\x1b[K/home/kmra/ros2/easy_bot/ros_ws/src/easy_bot/hardware/include/easy_bot.hpp:24\x1b[m\x1b[K,\n'}
[3.297313] (easy_bot) StderrLine: {'line': b'                 from \x1b[01m\x1b[K/home/kmra/ros2/easy_bot/ros_ws/src/easy_bot/hardware/easy_bot.cpp:15\x1b[m\x1b[K:\n'}
[3.297351] (easy_bot) StderrLine: {'line': b'\x1b[01m\x1b[K/opt/ros/humble/include/hardware_interface/hardware_interface/system_interface.hpp:111:55:\x1b[m\x1b[K \x1b[01;36m\x1b[Knote: \x1b[m\x1b[K  initializing argument 1 of \xe2\x80\x98\x1b[01m\x1b[Kvirtual rclcpp_lifecycle::node_interfaces::LifecycleNodeInterface::CallbackReturn hardware_interface::SystemInterface::on_init(const hardware_interface::HardwareInfo&)\x1b[m\x1b[K\xe2\x80\x99\n'}
[3.297387] (easy_bot) StderrLine: {'line': b'  111 |   virtual CallbackReturn on_init(\x1b[01;36m\x1b[Kconst HardwareInfo & hardware_info\x1b[m\x1b[K)\n'}
[3.297421] (easy_bot) StderrLine: {'line': b'      |                                  \x1b[01;36m\x1b[K~~~~~~~~~~~~~~~~~~~~~^~~~~~~~~~~~~\x1b[m\x1b[K\n'}
[3.300046] (easy_bot) StderrLine: {'line': b'In file included from \x1b[01m\x1b[K/opt/ros/humble/include/rclcpp/rclcpp/client.hpp:40\x1b[m\x1b[K,\n'}
[3.300147] (easy_bot) StderrLine: {'line': b'                 from \x1b[01m\x1b[K/opt/ros/humble/include/rclcpp/rclcpp/callback_group.hpp:24\x1b[m\x1b[K,\n'}
[3.300185] (easy_bot) StderrLine: {'line': b'                 from \x1b[01m\x1b[K/opt/ros/humble/include/rclcpp/rclcpp/any_executable.hpp:20\x1b[m\x1b[K,\n'}
[3.300217] (easy_bot) StderrLine: {'line': b'                 from \x1b[01m\x1b[K/opt/ros/humble/include/rclcpp/rclcpp/memory_strategy.hpp:25\x1b[m\x1b[K,\n'}
[3.300247] (easy_bot) StderrLine: {'line': b'                 from \x1b[01m\x1b[K/opt/ros/humble/include/rclcpp/rclcpp/memory_strategies.hpp:18\x1b[m\x1b[K,\n'}
[3.300276] (easy_bot) StderrLine: {'line': b'                 from \x1b[01m\x1b[K/opt/ros/humble/include/rclcpp/rclcpp/executor_options.hpp:20\x1b[m\x1b[K,\n'}
[3.300304] (easy_bot) StderrLine: {'line': b'                 from \x1b[01m\x1b[K/opt/ros/humble/include/rclcpp/rclcpp/executor.hpp:37\x1b[m\x1b[K,\n'}
[3.300332] (easy_bot) StderrLine: {'line': b'                 from \x1b[01m\x1b[K/opt/ros/humble/include/rclcpp/rclcpp/executors/multi_threaded_executor.hpp:25\x1b[m\x1b[K,\n'}
[3.300362] (easy_bot) StderrLine: {'line': b'                 from \x1b[01m\x1b[K/opt/ros/humble/include/rclcpp/rclcpp/executors.hpp:21\x1b[m\x1b[K,\n'}
[3.300389] (easy_bot) StderrLine: {'line': b'                 from \x1b[01m\x1b[K/opt/ros/humble/include/rclcpp/rclcpp/rclcpp.hpp:155\x1b[m\x1b[K,\n'}
[3.300416] (easy_bot) StderrLine: {'line': b'                 from \x1b[01m\x1b[K/home/kmra/ros2/easy_bot/ros_ws/src/easy_bot/hardware/easy_bot.cpp:27\x1b[m\x1b[K:\n'}
[3.300443] (easy_bot) StderrLine: {'line': b'\x1b[01m\x1b[K/home/kmra/ros2/easy_bot/ros_ws/src/easy_bot/hardware/easy_bot.cpp:45:15:\x1b[m\x1b[K \x1b[01;31m\x1b[Kerror: \x1b[m\x1b[K\xe2\x80\x98\x1b[01m\x1b[Kget_logger\x1b[m\x1b[K\xe2\x80\x99 was not declared in this scope; did you mean \xe2\x80\x98\x1b[01m\x1b[Krclcpp::get_logger\x1b[m\x1b[K\xe2\x80\x99?\n'}
[3.300481] (easy_bot) StderrLine: {'line': b'   45 |   RCLCPP_INFO(\x1b[01;31m\x1b[Kget_logger\x1b[m\x1b[K(), "Robot hardware_component update_rate is %dHz", info_.rw_rate);\n'}
[3.300512] (easy_bot) StderrLine: {'line': b'      |               \x1b[01;31m\x1b[K^~~~~~~~~~\x1b[m\x1b[K\n'}
[3.300539] (easy_bot) StderrLine: {'line': b'In file included from \x1b[01m\x1b[K/opt/ros/humble/include/rclcpp/rclcpp/logging.hpp:23\x1b[m\x1b[K,\n'}
[3.300565] (easy_bot) StderrLine: {'line': b'                 from \x1b[01m\x1b[K/opt/ros/humble/include/rclcpp/rclcpp/client.hpp:40\x1b[m\x1b[K,\n'}
[3.300592] (easy_bot) StderrLine: {'line': b'                 from \x1b[01m\x1b[K/opt/ros/humble/include/rclcpp/rclcpp/callback_group.hpp:24\x1b[m\x1b[K,\n'}
[3.300619] (easy_bot) StderrLine: {'line': b'                 from \x1b[01m\x1b[K/opt/ros/humble/include/rclcpp/rclcpp/any_executable.hpp:20\x1b[m\x1b[K,\n'}
[3.300646] (easy_bot) StderrLine: {'line': b'                 from \x1b[01m\x1b[K/opt/ros/humble/include/rclcpp/rclcpp/memory_strategy.hpp:25\x1b[m\x1b[K,\n'}
[3.300698] (easy_bot) StderrLine: {'line': b'                 from \x1b[01m\x1b[K/opt/ros/humble/include/rclcpp/rclcpp/memory_strategies.hpp:18\x1b[m\x1b[K,\n'}
[3.300751] (easy_bot) StderrLine: {'line': b'                 from \x1b[01m\x1b[K/opt/ros/humble/include/rclcpp/rclcpp/executor_options.hpp:20\x1b[m\x1b[K,\n'}
[3.300779] (easy_bot) StderrLine: {'line': b'                 from \x1b[01m\x1b[K/opt/ros/humble/include/rclcpp/rclcpp/executor.hpp:37\x1b[m\x1b[K,\n'}
[3.300805] (easy_bot) StderrLine: {'line': b'                 from \x1b[01m\x1b[K/opt/ros/humble/include/rclcpp/rclcpp/executors/multi_threaded_executor.hpp:25\x1b[m\x1b[K,\n'}
[3.300832] (easy_bot) StderrLine: {'line': b'                 from \x1b[01m\x1b[K/opt/ros/humble/include/rclcpp/rclcpp/executors.hpp:21\x1b[m\x1b[K,\n'}
[3.300859] (easy_bot) StderrLine: {'line': b'                 from \x1b[01m\x1b[K/opt/ros/humble/include/rclcpp/rclcpp/rclcpp.hpp:155\x1b[m\x1b[K,\n'}
[3.300889] (easy_bot) StderrLine: {'line': b'                 from \x1b[01m\x1b[K/home/kmra/ros2/easy_bot/ros_ws/src/easy_bot/hardware/easy_bot.cpp:27\x1b[m\x1b[K:\n'}
[3.300916] (easy_bot) StderrLine: {'line': b'\x1b[01m\x1b[K/opt/ros/humble/include/rclcpp/rclcpp/logger.hpp:106:17:\x1b[m\x1b[K \x1b[01;36m\x1b[Knote: \x1b[m\x1b[K\xe2\x80\x98\x1b[01m\x1b[Krclcpp::get_logger\x1b[m\x1b[K\xe2\x80\x99 declared here\n'}
[3.300967] (easy_bot) StderrLine: {'line': b'  106 |   friend Logger \x1b[01;36m\x1b[Krclcpp\x1b[m\x1b[K::get_logger(const std::string & name);\n'}
[3.300997] (easy_bot) StderrLine: {'line': b'      |                 \x1b[01;36m\x1b[K^~~~~~\x1b[m\x1b[K\n'}
[3.301023] (easy_bot) StderrLine: {'line': b'In file included from \x1b[01m\x1b[K/opt/ros/humble/include/rclcpp/rclcpp/client.hpp:40\x1b[m\x1b[K,\n'}
[3.301050] (easy_bot) StderrLine: {'line': b'                 from \x1b[01m\x1b[K/opt/ros/humble/include/rclcpp/rclcpp/callback_group.hpp:24\x1b[m\x1b[K,\n'}
[3.301076] (easy_bot) StderrLine: {'line': b'                 from \x1b[01m\x1b[K/opt/ros/humble/include/rclcpp/rclcpp/any_executable.hpp:20\x1b[m\x1b[K,\n'}
[3.301102] (easy_bot) StderrLine: {'line': b'                 from \x1b[01m\x1b[K/opt/ros/humble/include/rclcpp/rclcpp/memory_strategy.hpp:25\x1b[m\x1b[K,\n'}
[3.301129] (easy_bot) StderrLine: {'line': b'                 from \x1b[01m\x1b[K/opt/ros/humble/include/rclcpp/rclcpp/memory_strategies.hpp:18\x1b[m\x1b[K,\n'}
[3.301158] (easy_bot) StderrLine: {'line': b'                 from \x1b[01m\x1b[K/opt/ros/humble/include/rclcpp/rclcpp/executor_options.hpp:20\x1b[m\x1b[K,\n'}
[3.301185] (easy_bot) StderrLine: {'line': b'                 from \x1b[01m\x1b[K/opt/ros/humble/include/rclcpp/rclcpp/executor.hpp:37\x1b[m\x1b[K,\n'}
[3.301211] (easy_bot) StderrLine: {'line': b'                 from \x1b[01m\x1b[K/opt/ros/humble/include/rclcpp/rclcpp/executors/multi_threaded_executor.hpp:25\x1b[m\x1b[K,\n'}
[3.301239] (easy_bot) StderrLine: {'line': b'                 from \x1b[01m\x1b[K/opt/ros/humble/include/rclcpp/rclcpp/executors.hpp:21\x1b[m\x1b[K,\n'}
[3.301269] (easy_bot) StderrLine: {'line': b'                 from \x1b[01m\x1b[K/opt/ros/humble/include/rclcpp/rclcpp/rclcpp.hpp:155\x1b[m\x1b[K,\n'}
[3.301296] (easy_bot) StderrLine: {'line': b'                 from \x1b[01m\x1b[K/home/kmra/ros2/easy_bot/ros_ws/src/easy_bot/hardware/easy_bot.cpp:27\x1b[m\x1b[K:\n'}
[3.301322] (easy_bot) StderrLine: {'line': b'\x1b[01m\x1b[K/home/kmra/ros2/easy_bot/ros_ws/src/easy_bot/hardware/easy_bot.cpp:45:3:\x1b[m\x1b[K \x1b[01;31m\x1b[Kerror: \x1b[m\x1b[Ktemplate argument 1 is invalid\n'}
[3.301349] (easy_bot) StderrLine: {'line': b'   45 |   \x1b[01;31m\x1b[KRCLCPP_INFO\x1b[m\x1b[K(get_logger(), "Robot hardware_component update_rate is %dHz", info_.rw_rate);\n'}
[3.301377] (easy_bot) StderrLine: {'line': b'      |   \x1b[01;31m\x1b[K^~~~~~~~~~~\x1b[m\x1b[K\n'}
[3.302010] (easy_bot) StderrLine: {'line': b'In file included from \x1b[01m\x1b[K/opt/ros/humble/include/rclcpp/rclcpp/logging.hpp:24\x1b[m\x1b[K,\n'}
[3.302091] (easy_bot) StderrLine: {'line': b'                 from \x1b[01m\x1b[K/opt/ros/humble/include/rclcpp/rclcpp/client.hpp:40\x1b[m\x1b[K,\n'}
[3.302126] (easy_bot) StderrLine: {'line': b'                 from \x1b[01m\x1b[K/opt/ros/humble/include/rclcpp/rclcpp/callback_group.hpp:24\x1b[m\x1b[K,\n'}
[3.302156] (easy_bot) StderrLine: {'line': b'                 from \x1b[01m\x1b[K/opt/ros/humble/include/rclcpp/rclcpp/any_executable.hpp:20\x1b[m\x1b[K,\n'}
[3.302184] (easy_bot) StderrLine: {'line': b'                 from \x1b[01m\x1b[K/opt/ros/humble/include/rclcpp/rclcpp/memory_strategy.hpp:25\x1b[m\x1b[K,\n'}
[3.302212] (easy_bot) StderrLine: {'line': b'                 from \x1b[01m\x1b[K/opt/ros/humble/include/rclcpp/rclcpp/memory_strategies.hpp:18\x1b[m\x1b[K,\n'}
[3.302239] (easy_bot) StderrLine: {'line': b'                 from \x1b[01m\x1b[K/opt/ros/humble/include/rclcpp/rclcpp/executor_options.hpp:20\x1b[m\x1b[K,\n'}
[3.302266] (easy_bot) StderrLine: {'line': b'                 from \x1b[01m\x1b[K/opt/ros/humble/include/rclcpp/rclcpp/executor.hpp:37\x1b[m\x1b[K,\n'}
[3.302294] (easy_bot) StderrLine: {'line': b'                 from \x1b[01m\x1b[K/opt/ros/humble/include/rclcpp/rclcpp/executors/multi_threaded_executor.hpp:25\x1b[m\x1b[K,\n'}
[3.304644] (easy_bot) StderrLine: {'line': b'                 from \x1b[01m\x1b[K/opt/ros/humble/include/rclcpp/rclcpp/executors.hpp:21\x1b[m\x1b[K,\n'}
[3.304707] (easy_bot) StderrLine: {'line': b'                 from \x1b[01m\x1b[K/opt/ros/humble/include/rclcpp/rclcpp/rclcpp.hpp:155\x1b[m\x1b[K,\n'}
[3.304752] (easy_bot) StderrLine: {'line': b'                 from \x1b[01m\x1b[K/home/kmra/ros2/easy_bot/ros_ws/src/easy_bot/hardware/easy_bot.cpp:27\x1b[m\x1b[K:\n'}
[3.304837] (easy_bot) StderrLine: {'line': b'\x1b[01m\x1b[K/home/kmra/ros2/easy_bot/ros_ws/src/easy_bot/hardware/easy_bot.cpp:45:83:\x1b[m\x1b[K \x1b[01;31m\x1b[Kerror: \x1b[m\x1b[K\xe2\x80\x98\x1b[01m\x1b[Kstruct hardware_interface::HardwareInfo\x1b[m\x1b[K\xe2\x80\x99 has no member named \xe2\x80\x98\x1b[01m\x1b[Krw_rate\x1b[m\x1b[K\xe2\x80\x99\n'}
[3.304872] (easy_bot) StderrLine: {'line': b'   45 |   RCLCPP_INFO(get_logger(), "Robot hardware_component update_rate is %dHz", info_.\x1b[01;31m\x1b[Krw_rate\x1b[m\x1b[K);\n'}
[3.304905] (easy_bot) StderrLine: {'line': b'      |                                                                                   \x1b[01;31m\x1b[K^~~~~~~\x1b[m\x1b[K\n'}
[3.305109] (easy_bot) StderrLine: {'line': b'In file included from \x1b[01m\x1b[K/opt/ros/humble/include/rclcpp/rclcpp/client.hpp:40\x1b[m\x1b[K,\n'}
[3.305237] (easy_bot) StderrLine: {'line': b'                 from \x1b[01m\x1b[K/opt/ros/humble/include/rclcpp/rclcpp/callback_group.hpp:24\x1b[m\x1b[K,\n'}
[3.305272] (easy_bot) StderrLine: {'line': b'                 from \x1b[01m\x1b[K/opt/ros/humble/include/rclcpp/rclcpp/any_executable.hpp:20\x1b[m\x1b[K,\n'}
[3.305300] (easy_bot) StderrLine: {'line': b'                 from \x1b[01m\x1b[K/opt/ros/humble/include/rclcpp/rclcpp/memory_strategy.hpp:25\x1b[m\x1b[K,\n'}
[3.305337] (easy_bot) StderrLine: {'line': b'                 from \x1b[01m\x1b[K/opt/ros/humble/include/rclcpp/rclcpp/memory_strategies.hpp:18\x1b[m\x1b[K,\n'}
[3.305408] (easy_bot) StderrLine: {'line': b'                 from \x1b[01m\x1b[K/opt/ros/humble/include/rclcpp/rclcpp/executor_options.hpp:20\x1b[m\x1b[K,\n'}
[3.305437] (easy_bot) StderrLine: {'line': b'                 from \x1b[01m\x1b[K/opt/ros/humble/include/rclcpp/rclcpp/executor.hpp:37\x1b[m\x1b[K,\n'}
[3.305464] (easy_bot) StderrLine: {'line': b'                 from \x1b[01m\x1b[K/opt/ros/humble/include/rclcpp/rclcpp/executors/multi_threaded_executor.hpp:25\x1b[m\x1b[K,\n'}
[3.305491] (easy_bot) StderrLine: {'line': b'                 from \x1b[01m\x1b[K/opt/ros/humble/include/rclcpp/rclcpp/executors.hpp:21\x1b[m\x1b[K,\n'}
[3.305518] (easy_bot) StderrLine: {'line': b'                 from \x1b[01m\x1b[K/opt/ros/humble/include/rclcpp/rclcpp/rclcpp.hpp:155\x1b[m\x1b[K,\n'}
[3.305549] (easy_bot) StderrLine: {'line': b'                 from \x1b[01m\x1b[K/home/kmra/ros2/easy_bot/ros_ws/src/easy_bot/hardware/easy_bot.cpp:27\x1b[m\x1b[K:\n'}
[3.305575] (easy_bot) StderrLine: {'line': b'\x1b[01m\x1b[K/home/kmra/ros2/easy_bot/ros_ws/src/easy_bot/hardware/easy_bot.cpp:54:9:\x1b[m\x1b[K \x1b[01;31m\x1b[Kerror: \x1b[m\x1b[K\xe2\x80\x98\x1b[01m\x1b[Kget_logger\x1b[m\x1b[K\xe2\x80\x99 was not declared in this scope; did you mean \xe2\x80\x98\x1b[01m\x1b[Krclcpp::get_logger\x1b[m\x1b[K\xe2\x80\x99?\n'}
[3.305603] (easy_bot) StderrLine: {'line': b'   54 |         \x1b[01;31m\x1b[Kget_logger\x1b[m\x1b[K(), "Joint \'%s\' has %zu command interfaces found. 1 expected.",\n'}
[3.305629] (easy_bot) StderrLine: {'line': b'      |         \x1b[01;31m\x1b[K^~~~~~~~~~\x1b[m\x1b[K\n'}
[3.305656] (easy_bot) StderrLine: {'line': b'In file included from \x1b[01m\x1b[K/opt/ros/humble/include/rclcpp/rclcpp/logging.hpp:23\x1b[m\x1b[K,\n'}
[3.305682] (easy_bot) StderrLine: {'line': b'                 from \x1b[01m\x1b[K/opt/ros/humble/include/rclcpp/rclcpp/client.hpp:40\x1b[m\x1b[K,\n'}
[3.305712] (easy_bot) StderrLine: {'line': b'                 from \x1b[01m\x1b[K/opt/ros/humble/include/rclcpp/rclcpp/callback_group.hpp:24\x1b[m\x1b[K,\n'}
[3.305739] (easy_bot) StderrLine: {'line': b'                 from \x1b[01m\x1b[K/opt/ros/humble/include/rclcpp/rclcpp/any_executable.hpp:20\x1b[m\x1b[K,\n'}
[3.305766] (easy_bot) StderrLine: {'line': b'                 from \x1b[01m\x1b[K/opt/ros/humble/include/rclcpp/rclcpp/memory_strategy.hpp:25\x1b[m\x1b[K,\n'}
[3.305792] (easy_bot) StderrLine: {'line': b'                 from \x1b[01m\x1b[K/opt/ros/humble/include/rclcpp/rclcpp/memory_strategies.hpp:18\x1b[m\x1b[K,\n'}
[3.305818] (easy_bot) StderrLine: {'line': b'                 from \x1b[01m\x1b[K/opt/ros/humble/include/rclcpp/rclcpp/executor_options.hpp:20\x1b[m\x1b[K,\n'}
[3.305844] (easy_bot) StderrLine: {'line': b'                 from \x1b[01m\x1b[K/opt/ros/humble/include/rclcpp/rclcpp/executor.hpp:37\x1b[m\x1b[K,\n'}
[3.305870] (easy_bot) StderrLine: {'line': b'                 from \x1b[01m\x1b[K/opt/ros/humble/include/rclcpp/rclcpp/executors/multi_threaded_executor.hpp:25\x1b[m\x1b[K,\n'}
[3.305897] (easy_bot) StderrLine: {'line': b'                 from \x1b[01m\x1b[K/opt/ros/humble/include/rclcpp/rclcpp/executors.hpp:21\x1b[m\x1b[K,\n'}
[3.305923] (easy_bot) StderrLine: {'line': b'                 from \x1b[01m\x1b[K/opt/ros/humble/include/rclcpp/rclcpp/rclcpp.hpp:155\x1b[m\x1b[K,\n'}
[3.305950] (easy_bot) StderrLine: {'line': b'                 from \x1b[01m\x1b[K/home/kmra/ros2/easy_bot/ros_ws/src/easy_bot/hardware/easy_bot.cpp:27\x1b[m\x1b[K:\n'}
[3.305976] (easy_bot) StderrLine: {'line': b'\x1b[01m\x1b[K/opt/ros/humble/include/rclcpp/rclcpp/logger.hpp:106:17:\x1b[m\x1b[K \x1b[01;36m\x1b[Knote: \x1b[m\x1b[K\xe2\x80\x98\x1b[01m\x1b[Krclcpp::get_logger\x1b[m\x1b[K\xe2\x80\x99 declared here\n'}
[3.306062] (easy_bot) StderrLine: {'line': b'  106 |   friend Logger \x1b[01;36m\x1b[Krclcpp\x1b[m\x1b[K::get_logger(const std::string & name);\n'}
[3.306144] (easy_bot) StderrLine: {'line': b'      |                 \x1b[01;36m\x1b[K^~~~~~\x1b[m\x1b[K\n'}
[3.306175] (easy_bot) StderrLine: {'line': b'In file included from \x1b[01m\x1b[K/opt/ros/humble/include/rclcpp/rclcpp/client.hpp:40\x1b[m\x1b[K,\n'}
[3.306203] (easy_bot) StderrLine: {'line': b'                 from \x1b[01m\x1b[K/opt/ros/humble/include/rclcpp/rclcpp/callback_group.hpp:24\x1b[m\x1b[K,\n'}
[3.306230] (easy_bot) StderrLine: {'line': b'                 from \x1b[01m\x1b[K/opt/ros/humble/include/rclcpp/rclcpp/any_executable.hpp:20\x1b[m\x1b[K,\n'}
[3.306256] (easy_bot) StderrLine: {'line': b'                 from \x1b[01m\x1b[K/opt/ros/humble/include/rclcpp/rclcpp/memory_strategy.hpp:25\x1b[m\x1b[K,\n'}
[3.306282] (easy_bot) StderrLine: {'line': b'                 from \x1b[01m\x1b[K/opt/ros/humble/include/rclcpp/rclcpp/memory_strategies.hpp:18\x1b[m\x1b[K,\n'}
[3.306310] (easy_bot) StderrLine: {'line': b'                 from \x1b[01m\x1b[K/opt/ros/humble/include/rclcpp/rclcpp/executor_options.hpp:20\x1b[m\x1b[K,\n'}
[3.306367] (easy_bot) StderrLine: {'line': b'                 from \x1b[01m\x1b[K/opt/ros/humble/include/rclcpp/rclcpp/executor.hpp:37\x1b[m\x1b[K,\n'}
[3.306405] (easy_bot) StderrLine: {'line': b'                 from \x1b[01m\x1b[K/opt/ros/humble/include/rclcpp/rclcpp/executors/multi_threaded_executor.hpp:25\x1b[m\x1b[K,\n'}
[3.306432] (easy_bot) StderrLine: {'line': b'                 from \x1b[01m\x1b[K/opt/ros/humble/include/rclcpp/rclcpp/executors.hpp:21\x1b[m\x1b[K,\n'}
[3.306458] (easy_bot) StderrLine: {'line': b'                 from \x1b[01m\x1b[K/opt/ros/humble/include/rclcpp/rclcpp/rclcpp.hpp:155\x1b[m\x1b[K,\n'}
[3.306484] (easy_bot) StderrLine: {'line': b'                 from \x1b[01m\x1b[K/home/kmra/ros2/easy_bot/ros_ws/src/easy_bot/hardware/easy_bot.cpp:27\x1b[m\x1b[K:\n'}
[3.306514] (easy_bot) StderrLine: {'line': b'\x1b[01m\x1b[K/home/kmra/ros2/easy_bot/ros_ws/src/easy_bot/hardware/easy_bot.cpp:53:7:\x1b[m\x1b[K \x1b[01;31m\x1b[Kerror: \x1b[m\x1b[Ktemplate argument 1 is invalid\n'}
[3.306558] (easy_bot) StderrLine: {'line': b'   53 |       \x1b[01;31m\x1b[KRCLCPP_FATAL\x1b[m\x1b[K(\n'}
[3.306593] (easy_bot) StderrLine: {'line': b'      |       \x1b[01;31m\x1b[K^~~~~~~~~~~~\x1b[m\x1b[K\n'}
[3.306620] (easy_bot) StderrLine: {'line': b'\x1b[01m\x1b[K/home/kmra/ros2/easy_bot/ros_ws/src/easy_bot/hardware/easy_bot.cpp:62:9:\x1b[m\x1b[K \x1b[01;31m\x1b[Kerror: \x1b[m\x1b[K\xe2\x80\x98\x1b[01m\x1b[Kget_logger\x1b[m\x1b[K\xe2\x80\x99 was not declared in this scope; did you mean \xe2\x80\x98\x1b[01m\x1b[Krclcpp::get_logger\x1b[m\x1b[K\xe2\x80\x99?\n'}
[3.306647] (easy_bot) StderrLine: {'line': b'   62 |         \x1b[01;31m\x1b[Kget_logger\x1b[m\x1b[K(), "Joint \'%s\' have %s command interfaces found. \'%s\' expected.",\n'}
[3.306674] (easy_bot) StderrLine: {'line': b'      |         \x1b[01;31m\x1b[K^~~~~~~~~~\x1b[m\x1b[K\n'}
[3.306701] (easy_bot) StderrLine: {'line': b'In file included from \x1b[01m\x1b[K/opt/ros/humble/include/rclcpp/rclcpp/logging.hpp:23\x1b[m\x1b[K,\n'}
[3.306727] (easy_bot) StderrLine: {'line': b'                 from \x1b[01m\x1b[K/opt/ros/humble/include/rclcpp/rclcpp/client.hpp:40\x1b[m\x1b[K,\n'}
[3.306753] (easy_bot) StderrLine: {'line': b'                 from \x1b[01m\x1b[K/opt/ros/humble/include/rclcpp/rclcpp/callback_group.hpp:24\x1b[m\x1b[K,\n'}
[3.306779] (easy_bot) StderrLine: {'line': b'                 from \x1b[01m\x1b[K/opt/ros/humble/include/rclcpp/rclcpp/any_executable.hpp:20\x1b[m\x1b[K,\n'}
[3.306818] (easy_bot) StderrLine: {'line': b'                 from \x1b[01m\x1b[K/opt/ros/humble/include/rclcpp/rclcpp/memory_strategy.hpp:25\x1b[m\x1b[K,\n'}
[3.306848] (easy_bot) StderrLine: {'line': b'                 from \x1b[01m\x1b[K/opt/ros/humble/include/rclcpp/rclcpp/memory_strategies.hpp:18\x1b[m\x1b[K,\n'}
[3.306874] (easy_bot) StderrLine: {'line': b'                 from \x1b[01m\x1b[K/opt/ros/humble/include/rclcpp/rclcpp/executor_options.hpp:20\x1b[m\x1b[K,\n'}
[3.306900] (easy_bot) StderrLine: {'line': b'                 from \x1b[01m\x1b[K/opt/ros/humble/include/rclcpp/rclcpp/executor.hpp:37\x1b[m\x1b[K,\n'}
[3.306929] (easy_bot) StderrLine: {'line': b'                 from \x1b[01m\x1b[K/opt/ros/humble/include/rclcpp/rclcpp/executors/multi_threaded_executor.hpp:25\x1b[m\x1b[K,\n'}
[3.306955] (easy_bot) StderrLine: {'line': b'                 from \x1b[01m\x1b[K/opt/ros/humble/include/rclcpp/rclcpp/executors.hpp:21\x1b[m\x1b[K,\n'}
[3.306981] (easy_bot) StderrLine: {'line': b'                 from \x1b[01m\x1b[K/opt/ros/humble/include/rclcpp/rclcpp/rclcpp.hpp:155\x1b[m\x1b[K,\n'}
[3.307009] (easy_bot) StderrLine: {'line': b'                 from \x1b[01m\x1b[K/home/kmra/ros2/easy_bot/ros_ws/src/easy_bot/hardware/easy_bot.cpp:27\x1b[m\x1b[K:\n'}
[3.307035] (easy_bot) StderrLine: {'line': b'\x1b[01m\x1b[K/opt/ros/humble/include/rclcpp/rclcpp/logger.hpp:106:17:\x1b[m\x1b[K \x1b[01;36m\x1b[Knote: \x1b[m\x1b[K\xe2\x80\x98\x1b[01m\x1b[Krclcpp::get_logger\x1b[m\x1b[K\xe2\x80\x99 declared here\n'}
[3.307062] (easy_bot) StderrLine: {'line': b'  106 |   friend Logger \x1b[01;36m\x1b[Krclcpp\x1b[m\x1b[K::get_logger(const std::string & name);\n'}
[3.307088] (easy_bot) StderrLine: {'line': b'      |                 \x1b[01;36m\x1b[K^~~~~~\x1b[m\x1b[K\n'}
[3.307114] (easy_bot) StderrLine: {'line': b'In file included from \x1b[01m\x1b[K/opt/ros/humble/include/rclcpp/rclcpp/client.hpp:40\x1b[m\x1b[K,\n'}
[3.307140] (easy_bot) StderrLine: {'line': b'                 from \x1b[01m\x1b[K/opt/ros/humble/include/rclcpp/rclcpp/callback_group.hpp:24\x1b[m\x1b[K,\n'}
[3.307166] (easy_bot) StderrLine: {'line': b'                 from \x1b[01m\x1b[K/opt/ros/humble/include/rclcpp/rclcpp/any_executable.hpp:20\x1b[m\x1b[K,\n'}
[3.307192] (easy_bot) StderrLine: {'line': b'                 from \x1b[01m\x1b[K/opt/ros/humble/include/rclcpp/rclcpp/memory_strategy.hpp:25\x1b[m\x1b[K,\n'}
[3.307218] (easy_bot) StderrLine: {'line': b'                 from \x1b[01m\x1b[K/opt/ros/humble/include/rclcpp/rclcpp/memory_strategies.hpp:18\x1b[m\x1b[K,\n'}
[3.307245] (easy_bot) StderrLine: {'line': b'                 from \x1b[01m\x1b[K/opt/ros/humble/include/rclcpp/rclcpp/executor_options.hpp:20\x1b[m\x1b[K,\n'}
[3.307271] (easy_bot) StderrLine: {'line': b'                 from \x1b[01m\x1b[K/opt/ros/humble/include/rclcpp/rclcpp/executor.hpp:37\x1b[m\x1b[K,\n'}
[3.307300] (easy_bot) StderrLine: {'line': b'                 from \x1b[01m\x1b[K/opt/ros/humble/include/rclcpp/rclcpp/executors/multi_threaded_executor.hpp:25\x1b[m\x1b[K,\n'}
[3.307918] (easy_bot) StderrLine: {'line': b'                 from \x1b[01m\x1b[K/opt/ros/humble/include/rclcpp/rclcpp/executors.hpp:21\x1b[m\x1b[K,\n'}
[3.308227] (easy_bot) StderrLine: {'line': b'                 from \x1b[01m\x1b[K/opt/ros/humble/include/rclcpp/rclcpp/rclcpp.hpp:155\x1b[m\x1b[K,\n'}
[3.308266] (easy_bot) StderrLine: {'line': b'                 from \x1b[01m\x1b[K/home/kmra/ros2/easy_bot/ros_ws/src/easy_bot/hardware/easy_bot.cpp:27\x1b[m\x1b[K:\n'}
[3.308301] (easy_bot) StderrLine: {'line': b'\x1b[01m\x1b[K/home/kmra/ros2/easy_bot/ros_ws/src/easy_bot/hardware/easy_bot.cpp:61:7:\x1b[m\x1b[K \x1b[01;31m\x1b[Kerror: \x1b[m\x1b[Ktemplate argument 1 is invalid\n'}
[3.308333] (easy_bot) StderrLine: {'line': b'   61 |       \x1b[01;31m\x1b[KRCLCPP_FATAL\x1b[m\x1b[K(\n'}
[3.308362] (easy_bot) StderrLine: {'line': b'      |       \x1b[01;31m\x1b[K^~~~~~~~~~~~\x1b[m\x1b[K\n'}
[3.308390] (easy_bot) StderrLine: {'line': b'\x1b[01m\x1b[K/home/kmra/ros2/easy_bot/ros_ws/src/easy_bot/hardware/easy_bot.cpp:71:9:\x1b[m\x1b[K \x1b[01;31m\x1b[Kerror: \x1b[m\x1b[K\xe2\x80\x98\x1b[01m\x1b[Kget_logger\x1b[m\x1b[K\xe2\x80\x99 was not declared in this scope; did you mean \xe2\x80\x98\x1b[01m\x1b[Krclcpp::get_logger\x1b[m\x1b[K\xe2\x80\x99?\n'}
[3.308461] (easy_bot) StderrLine: {'line': b'   71 |         \x1b[01;31m\x1b[Kget_logger\x1b[m\x1b[K(), "Joint \'%s\' has %zu state interface. 1 expected.", joint.name.c_str(),\n'}
[3.308503] (easy_bot) StderrLine: {'line': b'      |         \x1b[01;31m\x1b[K^~~~~~~~~~\x1b[m\x1b[K\n'}
[3.309467] (easy_bot) StderrLine: {'line': b'In file included from \x1b[01m\x1b[K/opt/ros/humble/include/rclcpp/rclcpp/logging.hpp:23\x1b[m\x1b[K,\n'}
[3.309514] (easy_bot) StderrLine: {'line': b'                 from \x1b[01m\x1b[K/opt/ros/humble/include/rclcpp/rclcpp/client.hpp:40\x1b[m\x1b[K,\n'}
[3.309553] (easy_bot) StderrLine: {'line': b'                 from \x1b[01m\x1b[K/opt/ros/humble/include/rclcpp/rclcpp/callback_group.hpp:24\x1b[m\x1b[K,\n'}
[3.309599] (easy_bot) StderrLine: {'line': b'                 from \x1b[01m\x1b[K/opt/ros/humble/include/rclcpp/rclcpp/any_executable.hpp:20\x1b[m\x1b[K,\n'}
[3.309636] (easy_bot) StderrLine: {'line': b'                 from \x1b[01m\x1b[K/opt/ros/humble/include/rclcpp/rclcpp/memory_strategy.hpp:25\x1b[m\x1b[K,\n'}
[3.309678] (easy_bot) StderrLine: {'line': b'                 from \x1b[01m\x1b[K/opt/ros/humble/include/rclcpp/rclcpp/memory_strategies.hpp:18\x1b[m\x1b[K,\n'}
[3.309708] (easy_bot) StderrLine: {'line': b'                 from \x1b[01m\x1b[K/opt/ros/humble/include/rclcpp/rclcpp/executor_options.hpp:20\x1b[m\x1b[K,\n'}
[3.309736] (easy_bot) StderrLine: {'line': b'                 from \x1b[01m\x1b[K/opt/ros/humble/include/rclcpp/rclcpp/executor.hpp:37\x1b[m\x1b[K,\n'}
[3.309764] (easy_bot) StderrLine: {'line': b'                 from \x1b[01m\x1b[K/opt/ros/humble/include/rclcpp/rclcpp/executors/multi_threaded_executor.hpp:25\x1b[m\x1b[K,\n'}
[3.309791] (easy_bot) StderrLine: {'line': b'                 from \x1b[01m\x1b[K/opt/ros/humble/include/rclcpp/rclcpp/executors.hpp:21\x1b[m\x1b[K,\n'}
[3.309818] (easy_bot) StderrLine: {'line': b'                 from \x1b[01m\x1b[K/opt/ros/humble/include/rclcpp/rclcpp/rclcpp.hpp:155\x1b[m\x1b[K,\n'}
[3.309845] (easy_bot) StderrLine: {'line': b'                 from \x1b[01m\x1b[K/home/kmra/ros2/easy_bot/ros_ws/src/easy_bot/hardware/easy_bot.cpp:27\x1b[m\x1b[K:\n'}
[3.309887] (easy_bot) StderrLine: {'line': b'\x1b[01m\x1b[K/opt/ros/humble/include/rclcpp/rclcpp/logger.hpp:106:17:\x1b[m\x1b[K \x1b[01;36m\x1b[Knote: \x1b[m\x1b[K\xe2\x80\x98\x1b[01m\x1b[Krclcpp::get_logger\x1b[m\x1b[K\xe2\x80\x99 declared here\n'}
[3.309914] (easy_bot) StderrLine: {'line': b'  106 |   friend Logger \x1b[01;36m\x1b[Krclcpp\x1b[m\x1b[K::get_logger(const std::string & name);\n'}
[3.309940] (easy_bot) StderrLine: {'line': b'      |                 \x1b[01;36m\x1b[K^~~~~~\x1b[m\x1b[K\n'}
[3.309967] (easy_bot) StderrLine: {'line': b'In file included from \x1b[01m\x1b[K/opt/ros/humble/include/rclcpp/rclcpp/client.hpp:40\x1b[m\x1b[K,\n'}
[3.309994] (easy_bot) StderrLine: {'line': b'                 from \x1b[01m\x1b[K/opt/ros/humble/include/rclcpp/rclcpp/callback_group.hpp:24\x1b[m\x1b[K,\n'}
[3.310021] (easy_bot) StderrLine: {'line': b'                 from \x1b[01m\x1b[K/opt/ros/humble/include/rclcpp/rclcpp/any_executable.hpp:20\x1b[m\x1b[K,\n'}
[3.310048] (easy_bot) StderrLine: {'line': b'                 from \x1b[01m\x1b[K/opt/ros/humble/include/rclcpp/rclcpp/memory_strategy.hpp:25\x1b[m\x1b[K,\n'}
[3.310074] (easy_bot) StderrLine: {'line': b'                 from \x1b[01m\x1b[K/opt/ros/humble/include/rclcpp/rclcpp/memory_strategies.hpp:18\x1b[m\x1b[K,\n'}
[3.310101] (easy_bot) StderrLine: {'line': b'                 from \x1b[01m\x1b[K/opt/ros/humble/include/rclcpp/rclcpp/executor_options.hpp:20\x1b[m\x1b[K,\n'}
[3.310852] (easy_bot) StderrLine: {'line': b'                 from \x1b[01m\x1b[K/opt/ros/humble/include/rclcpp/rclcpp/executor.hpp:37\x1b[m\x1b[K,\n'}
[3.310915] (easy_bot) StderrLine: {'line': b'                 from \x1b[01m\x1b[K/opt/ros/humble/include/rclcpp/rclcpp/executors/multi_threaded_executor.hpp:25\x1b[m\x1b[K,\n'}
[3.310952] (easy_bot) StderrLine: {'line': b'                 from \x1b[01m\x1b[K/opt/ros/humble/include/rclcpp/rclcpp/executors.hpp:21\x1b[m\x1b[K,\n'}
[3.310982] (easy_bot) StderrLine: {'line': b'                 from \x1b[01m\x1b[K/opt/ros/humble/include/rclcpp/rclcpp/rclcpp.hpp:155\x1b[m\x1b[K,\n'}
[3.311010] (easy_bot) StderrLine: {'line': b'                 from \x1b[01m\x1b[K/home/kmra/ros2/easy_bot/ros_ws/src/easy_bot/hardware/easy_bot.cpp:27\x1b[m\x1b[K:\n'}
[3.311042] (easy_bot) StderrLine: {'line': b'\x1b[01m\x1b[K/home/kmra/ros2/easy_bot/ros_ws/src/easy_bot/hardware/easy_bot.cpp:70:7:\x1b[m\x1b[K \x1b[01;31m\x1b[Kerror: \x1b[m\x1b[Ktemplate argument 1 is invalid\n'}
[3.311070] (easy_bot) StderrLine: {'line': b'   70 |       \x1b[01;31m\x1b[KRCLCPP_FATAL\x1b[m\x1b[K(\n'}
[3.311097] (easy_bot) StderrLine: {'line': b'      |       \x1b[01;31m\x1b[K^~~~~~~~~~~~\x1b[m\x1b[K\n'}
[3.311123] (easy_bot) StderrLine: {'line': b'\x1b[01m\x1b[K/home/kmra/ros2/easy_bot/ros_ws/src/easy_bot/hardware/easy_bot.cpp:79:9:\x1b[m\x1b[K \x1b[01;31m\x1b[Kerror: \x1b[m\x1b[K\xe2\x80\x98\x1b[01m\x1b[Kget_logger\x1b[m\x1b[K\xe2\x80\x99 was not declared in this scope; did you mean \xe2\x80\x98\x1b[01m\x1b[Krclcpp::get_logger\x1b[m\x1b[K\xe2\x80\x99?\n'}
[3.314262] (easy_bot) StderrLine: {'line': b'   79 |         \x1b[01;31m\x1b[Kget_logger\x1b[m\x1b[K(), "Joint \'%s\' have %s state interface. \'%s\' expected.", joint.name.c_str(),\n'}
[3.314342] (easy_bot) StderrLine: {'line': b'      |         \x1b[01;31m\x1b[K^~~~~~~~~~\x1b[m\x1b[K\n'}
[3.314379] (easy_bot) StderrLine: {'line': b'In file included from \x1b[01m\x1b[K/opt/ros/humble/include/rclcpp/rclcpp/logging.hpp:23\x1b[m\x1b[K,\n'}
[3.314410] (easy_bot) StderrLine: {'line': b'                 from \x1b[01m\x1b[K/opt/ros/humble/include/rclcpp/rclcpp/client.hpp:40\x1b[m\x1b[K,\n'}
[3.314441] (easy_bot) StderrLine: {'line': b'                 from \x1b[01m\x1b[K/opt/ros/humble/include/rclcpp/rclcpp/callback_group.hpp:24\x1b[m\x1b[K,\n'}
[3.314471] (easy_bot) StderrLine: {'line': b'                 from \x1b[01m\x1b[K/opt/ros/humble/include/rclcpp/rclcpp/any_executable.hpp:20\x1b[m\x1b[K,\n'}
[3.314501] (easy_bot) StderrLine: {'line': b'                 from \x1b[01m\x1b[K/opt/ros/humble/include/rclcpp/rclcpp/memory_strategy.hpp:25\x1b[m\x1b[K,\n'}
[3.314530] (easy_bot) StderrLine: {'line': b'                 from \x1b[01m\x1b[K/opt/ros/humble/include/rclcpp/rclcpp/memory_strategies.hpp:18\x1b[m\x1b[K,\n'}
[3.314579] (easy_bot) StderrLine: {'line': b'                 from \x1b[01m\x1b[K/opt/ros/humble/include/rclcpp/rclcpp/executor_options.hpp:20\x1b[m\x1b[K,\n'}
[3.314609] (easy_bot) StderrLine: {'line': b'                 from \x1b[01m\x1b[K/opt/ros/humble/include/rclcpp/rclcpp/executor.hpp:37\x1b[m\x1b[K,\n'}
[3.314642] (easy_bot) StderrLine: {'line': b'                 from \x1b[01m\x1b[K/opt/ros/humble/include/rclcpp/rclcpp/executors/multi_threaded_executor.hpp:25\x1b[m\x1b[K,\n'}
[3.314672] (easy_bot) StderrLine: {'line': b'                 from \x1b[01m\x1b[K/opt/ros/humble/include/rclcpp/rclcpp/executors.hpp:21\x1b[m\x1b[K,\n'}
[3.314700] (easy_bot) StderrLine: {'line': b'                 from \x1b[01m\x1b[K/opt/ros/humble/include/rclcpp/rclcpp/rclcpp.hpp:155\x1b[m\x1b[K,\n'}
[3.314727] (easy_bot) StderrLine: {'line': b'                 from \x1b[01m\x1b[K/home/kmra/ros2/easy_bot/ros_ws/src/easy_bot/hardware/easy_bot.cpp:27\x1b[m\x1b[K:\n'}
[3.314757] (easy_bot) StderrLine: {'line': b'\x1b[01m\x1b[K/opt/ros/humble/include/rclcpp/rclcpp/logger.hpp:106:17:\x1b[m\x1b[K \x1b[01;36m\x1b[Knote: \x1b[m\x1b[K\xe2\x80\x98\x1b[01m\x1b[Krclcpp::get_logger\x1b[m\x1b[K\xe2\x80\x99 declared here\n'}
[3.314790] (easy_bot) StderrLine: {'line': b'  106 |   friend Logger \x1b[01;36m\x1b[Krclcpp\x1b[m\x1b[K::get_logger(const std::string & name);\n'}
[3.314818] (easy_bot) StderrLine: {'line': b'      |                 \x1b[01;36m\x1b[K^~~~~~\x1b[m\x1b[K\n'}
[3.314845] (easy_bot) StderrLine: {'line': b'In file included from \x1b[01m\x1b[K/opt/ros/humble/include/rclcpp/rclcpp/client.hpp:40\x1b[m\x1b[K,\n'}
[3.314873] (easy_bot) StderrLine: {'line': b'                 from \x1b[01m\x1b[K/opt/ros/humble/include/rclcpp/rclcpp/callback_group.hpp:24\x1b[m\x1b[K,\n'}
[3.314900] (easy_bot) StderrLine: {'line': b'                 from \x1b[01m\x1b[K/opt/ros/humble/include/rclcpp/rclcpp/any_executable.hpp:20\x1b[m\x1b[K,\n'}
[3.314928] (easy_bot) StderrLine: {'line': b'                 from \x1b[01m\x1b[K/opt/ros/humble/include/rclcpp/rclcpp/memory_strategy.hpp:25\x1b[m\x1b[K,\n'}
[3.314957] (easy_bot) StderrLine: {'line': b'                 from \x1b[01m\x1b[K/opt/ros/humble/include/rclcpp/rclcpp/memory_strategies.hpp:18\x1b[m\x1b[K,\n'}
[3.314986] (easy_bot) StderrLine: {'line': b'                 from \x1b[01m\x1b[K/opt/ros/humble/include/rclcpp/rclcpp/executor_options.hpp:20\x1b[m\x1b[K,\n'}
[3.315012] (easy_bot) StderrLine: {'line': b'                 from \x1b[01m\x1b[K/opt/ros/humble/include/rclcpp/rclcpp/executor.hpp:37\x1b[m\x1b[K,\n'}
[3.315038] (easy_bot) StderrLine: {'line': b'                 from \x1b[01m\x1b[K/opt/ros/humble/include/rclcpp/rclcpp/executors/multi_threaded_executor.hpp:25\x1b[m\x1b[K,\n'}
[3.315064] (easy_bot) StderrLine: {'line': b'                 from \x1b[01m\x1b[K/opt/ros/humble/include/rclcpp/rclcpp/executors.hpp:21\x1b[m\x1b[K,\n'}
[3.315091] (easy_bot) StderrLine: {'line': b'                 from \x1b[01m\x1b[K/opt/ros/humble/include/rclcpp/rclcpp/rclcpp.hpp:155\x1b[m\x1b[K,\n'}
[3.315117] (easy_bot) StderrLine: {'line': b'                 from \x1b[01m\x1b[K/home/kmra/ros2/easy_bot/ros_ws/src/easy_bot/hardware/easy_bot.cpp:27\x1b[m\x1b[K:\n'}
[3.315143] (easy_bot) StderrLine: {'line': b'\x1b[01m\x1b[K/home/kmra/ros2/easy_bot/ros_ws/src/easy_bot/hardware/easy_bot.cpp:78:7:\x1b[m\x1b[K \x1b[01;31m\x1b[Kerror: \x1b[m\x1b[Ktemplate argument 1 is invalid\n'}
[3.315170] (easy_bot) StderrLine: {'line': b'   78 |       \x1b[01;31m\x1b[KRCLCPP_FATAL\x1b[m\x1b[K(\n'}
[3.315196] (easy_bot) StderrLine: {'line': b'      |       \x1b[01;31m\x1b[K^~~~~~~~~~~~\x1b[m\x1b[K\n'}
[3.315259] (easy_bot) StderrLine: {'line': b'\x1b[01m\x1b[K/home/kmra/ros2/easy_bot/ros_ws/src/easy_bot/hardware/easy_bot.cpp:\x1b[m\x1b[K In member function \xe2\x80\x98\x1b[01m\x1b[Kvirtual hardware_interface::CallbackReturn easy_bot::EasyBotHardware::on_configure(const rclcpp_lifecycle::State&)\x1b[m\x1b[K\xe2\x80\x99:\n'}
[3.315294] (easy_bot) StderrLine: {'line': b'\x1b[01m\x1b[K/home/kmra/ros2/easy_bot/ros_ws/src/easy_bot/hardware/easy_bot.cpp:92:15:\x1b[m\x1b[K \x1b[01;31m\x1b[Kerror: \x1b[m\x1b[K\xe2\x80\x98\x1b[01m\x1b[Kget_logger\x1b[m\x1b[K\xe2\x80\x99 was not declared in this scope; did you mean \xe2\x80\x98\x1b[01m\x1b[Krclcpp::get_logger\x1b[m\x1b[K\xe2\x80\x99?\n'}
[3.315322] (easy_bot) StderrLine: {'line': b'   92 |   RCLCPP_INFO(\x1b[01;31m\x1b[Kget_logger\x1b[m\x1b[K(), "Configuring ...please wait...");\n'}
[3.315348] (easy_bot) StderrLine: {'line': b'      |               \x1b[01;31m\x1b[K^~~~~~~~~~\x1b[m\x1b[K\n'}
[3.315375] (easy_bot) StderrLine: {'line': b'In file included from \x1b[01m\x1b[K/opt/ros/humble/include/rclcpp/rclcpp/logging.hpp:23\x1b[m\x1b[K,\n'}
[3.315402] (easy_bot) StderrLine: {'line': b'                 from \x1b[01m\x1b[K/opt/ros/humble/include/rclcpp/rclcpp/client.hpp:40\x1b[m\x1b[K,\n'}
[3.315428] (easy_bot) StderrLine: {'line': b'                 from \x1b[01m\x1b[K/opt/ros/humble/include/rclcpp/rclcpp/callback_group.hpp:24\x1b[m\x1b[K,\n'}
[3.315456] (easy_bot) StderrLine: {'line': b'                 from \x1b[01m\x1b[K/opt/ros/humble/include/rclcpp/rclcpp/any_executable.hpp:20\x1b[m\x1b[K,\n'}
[3.315482] (easy_bot) StderrLine: {'line': b'                 from \x1b[01m\x1b[K/opt/ros/humble/include/rclcpp/rclcpp/memory_strategy.hpp:25\x1b[m\x1b[K,\n'}
[3.315508] (easy_bot) StderrLine: {'line': b'                 from \x1b[01m\x1b[K/opt/ros/humble/include/rclcpp/rclcpp/memory_strategies.hpp:18\x1b[m\x1b[K,\n'}
[3.315551] (easy_bot) StderrLine: {'line': b'                 from \x1b[01m\x1b[K/opt/ros/humble/include/rclcpp/rclcpp/executor_options.hpp:20\x1b[m\x1b[K,\n'}
[3.315578] (easy_bot) StderrLine: {'line': b'                 from \x1b[01m\x1b[K/opt/ros/humble/include/rclcpp/rclcpp/executor.hpp:37\x1b[m\x1b[K,\n'}
[3.315616] (easy_bot) StderrLine: {'line': b'                 from \x1b[01m\x1b[K/opt/ros/humble/include/rclcpp/rclcpp/executors/multi_threaded_executor.hpp:25\x1b[m\x1b[K,\n'}
[3.315646] (easy_bot) StderrLine: {'line': b'                 from \x1b[01m\x1b[K/opt/ros/humble/include/rclcpp/rclcpp/executors.hpp:21\x1b[m\x1b[K,\n'}
[3.315676] (easy_bot) StderrLine: {'line': b'                 from \x1b[01m\x1b[K/opt/ros/humble/include/rclcpp/rclcpp/rclcpp.hpp:155\x1b[m\x1b[K,\n'}
[3.315703] (easy_bot) StderrLine: {'line': b'                 from \x1b[01m\x1b[K/home/kmra/ros2/easy_bot/ros_ws/src/easy_bot/hardware/easy_bot.cpp:27\x1b[m\x1b[K:\n'}
[3.315732] (easy_bot) StderrLine: {'line': b'\x1b[01m\x1b[K/opt/ros/humble/include/rclcpp/rclcpp/logger.hpp:106:17:\x1b[m\x1b[K \x1b[01;36m\x1b[Knote: \x1b[m\x1b[K\xe2\x80\x98\x1b[01m\x1b[Krclcpp::get_logger\x1b[m\x1b[K\xe2\x80\x99 declared here\n'}
[3.315764] (easy_bot) StderrLine: {'line': b'  106 |   friend Logger \x1b[01;36m\x1b[Krclcpp\x1b[m\x1b[K::get_logger(const std::string & name);\n'}
[3.315790] (easy_bot) StderrLine: {'line': b'      |                 \x1b[01;36m\x1b[K^~~~~~\x1b[m\x1b[K\n'}
[3.315835] (easy_bot) StderrLine: {'line': b'In file included from \x1b[01m\x1b[K/opt/ros/humble/include/rclcpp/rclcpp/client.hpp:40\x1b[m\x1b[K,\n'}
[3.315865] (easy_bot) StderrLine: {'line': b'                 from \x1b[01m\x1b[K/opt/ros/humble/include/rclcpp/rclcpp/callback_group.hpp:24\x1b[m\x1b[K,\n'}
[3.315892] (easy_bot) StderrLine: {'line': b'                 from \x1b[01m\x1b[K/opt/ros/humble/include/rclcpp/rclcpp/any_executable.hpp:20\x1b[m\x1b[K,\n'}
[3.315919] (easy_bot) StderrLine: {'line': b'                 from \x1b[01m\x1b[K/opt/ros/humble/include/rclcpp/rclcpp/memory_strategy.hpp:25\x1b[m\x1b[K,\n'}
[3.315946] (easy_bot) StderrLine: {'line': b'                 from \x1b[01m\x1b[K/opt/ros/humble/include/rclcpp/rclcpp/memory_strategies.hpp:18\x1b[m\x1b[K,\n'}
[3.315974] (easy_bot) StderrLine: {'line': b'                 from \x1b[01m\x1b[K/opt/ros/humble/include/rclcpp/rclcpp/executor_options.hpp:20\x1b[m\x1b[K,\n'}
[3.316003] (easy_bot) StderrLine: {'line': b'                 from \x1b[01m\x1b[K/opt/ros/humble/include/rclcpp/rclcpp/executor.hpp:37\x1b[m\x1b[K,\n'}
[3.316031] (easy_bot) StderrLine: {'line': b'                 from \x1b[01m\x1b[K/opt/ros/humble/include/rclcpp/rclcpp/executors/multi_threaded_executor.hpp:25\x1b[m\x1b[K,\n'}
[3.316058] (easy_bot) StderrLine: {'line': b'                 from \x1b[01m\x1b[K/opt/ros/humble/include/rclcpp/rclcpp/executors.hpp:21\x1b[m\x1b[K,\n'}
[3.316085] (easy_bot) StderrLine: {'line': b'                 from \x1b[01m\x1b[K/opt/ros/humble/include/rclcpp/rclcpp/rclcpp.hpp:155\x1b[m\x1b[K,\n'}
[3.316111] (easy_bot) StderrLine: {'line': b'                 from \x1b[01m\x1b[K/home/kmra/ros2/easy_bot/ros_ws/src/easy_bot/hardware/easy_bot.cpp:27\x1b[m\x1b[K:\n'}
[3.316137] (easy_bot) StderrLine: {'line': b'\x1b[01m\x1b[K/home/kmra/ros2/easy_bot/ros_ws/src/easy_bot/hardware/easy_bot.cpp:92:3:\x1b[m\x1b[K \x1b[01;31m\x1b[Kerror: \x1b[m\x1b[Ktemplate argument 1 is invalid\n'}
[3.316164] (easy_bot) StderrLine: {'line': b'   92 |   \x1b[01;31m\x1b[KRCLCPP_INFO\x1b[m\x1b[K(get_logger(), "Configuring ...please wait...");\n'}
[3.316190] (easy_bot) StderrLine: {'line': b'      |   \x1b[01;31m\x1b[K^~~~~~~~~~~\x1b[m\x1b[K\n'}
[3.316249] (easy_bot) StderrLine: {'line': b'\x1b[01m\x1b[K/home/kmra/ros2/easy_bot/ros_ws/src/easy_bot/hardware/easy_bot.cpp:97:17:\x1b[m\x1b[K \x1b[01;31m\x1b[Kerror: \x1b[m\x1b[K\xe2\x80\x98\x1b[01m\x1b[Kget_logger\x1b[m\x1b[K\xe2\x80\x99 was not declared in this scope; did you mean \xe2\x80\x98\x1b[01m\x1b[Krclcpp::get_logger\x1b[m\x1b[K\xe2\x80\x99?\n'}
[3.316280] (easy_bot) StderrLine: {'line': b'   97 |     RCLCPP_INFO(\x1b[01;31m\x1b[Kget_logger\x1b[m\x1b[K(), "%.1f seconds left...", hw_start_sec_ - i);\n'}
[3.316307] (easy_bot) StderrLine: {'line': b'      |                 \x1b[01;31m\x1b[K^~~~~~~~~~\x1b[m\x1b[K\n'}
[3.316333] (easy_bot) StderrLine: {'line': b'In file included from \x1b[01m\x1b[K/opt/ros/humble/include/rclcpp/rclcpp/logging.hpp:23\x1b[m\x1b[K,\n'}
[3.316359] (easy_bot) StderrLine: {'line': b'                 from \x1b[01m\x1b[K/opt/ros/humble/include/rclcpp/rclcpp/client.hpp:40\x1b[m\x1b[K,\n'}
[3.316385] (easy_bot) StderrLine: {'line': b'                 from \x1b[01m\x1b[K/opt/ros/humble/include/rclcpp/rclcpp/callback_group.hpp:24\x1b[m\x1b[K,\n'}
[3.316417] (easy_bot) StderrLine: {'line': b'                 from \x1b[01m\x1b[K/opt/ros/humble/include/rclcpp/rclcpp/any_executable.hpp:20\x1b[m\x1b[K,\n'}
[3.316443] (easy_bot) StderrLine: {'line': b'                 from \x1b[01m\x1b[K/opt/ros/humble/include/rclcpp/rclcpp/memory_strategy.hpp:25\x1b[m\x1b[K,\n'}
[3.316468] (easy_bot) StderrLine: {'line': b'                 from \x1b[01m\x1b[K/opt/ros/humble/include/rclcpp/rclcpp/memory_strategies.hpp:18\x1b[m\x1b[K,\n'}
[3.316497] (easy_bot) StderrLine: {'line': b'                 from \x1b[01m\x1b[K/opt/ros/humble/include/rclcpp/rclcpp/executor_options.hpp:20\x1b[m\x1b[K,\n'}
[3.316523] (easy_bot) StderrLine: {'line': b'                 from \x1b[01m\x1b[K/opt/ros/humble/include/rclcpp/rclcpp/executor.hpp:37\x1b[m\x1b[K,\n'}
[3.316553] (easy_bot) StderrLine: {'line': b'                 from \x1b[01m\x1b[K/opt/ros/humble/include/rclcpp/rclcpp/executors/multi_threaded_executor.hpp:25\x1b[m\x1b[K,\n'}
[3.316579] (easy_bot) StderrLine: {'line': b'                 from \x1b[01m\x1b[K/opt/ros/humble/include/rclcpp/rclcpp/executors.hpp:21\x1b[m\x1b[K,\n'}
[3.316605] (easy_bot) StderrLine: {'line': b'                 from \x1b[01m\x1b[K/opt/ros/humble/include/rclcpp/rclcpp/rclcpp.hpp:155\x1b[m\x1b[K,\n'}
[3.316631] (easy_bot) StderrLine: {'line': b'                 from \x1b[01m\x1b[K/home/kmra/ros2/easy_bot/ros_ws/src/easy_bot/hardware/easy_bot.cpp:27\x1b[m\x1b[K:\n'}
[3.316656] (easy_bot) StderrLine: {'line': b'\x1b[01m\x1b[K/opt/ros/humble/include/rclcpp/rclcpp/logger.hpp:106:17:\x1b[m\x1b[K \x1b[01;36m\x1b[Knote: \x1b[m\x1b[K\xe2\x80\x98\x1b[01m\x1b[Krclcpp::get_logger\x1b[m\x1b[K\xe2\x80\x99 declared here\n'}
[3.316683] (easy_bot) StderrLine: {'line': b'  106 |   friend Logger \x1b[01;36m\x1b[Krclcpp\x1b[m\x1b[K::get_logger(const std::string & name);\n'}
[3.316709] (easy_bot) StderrLine: {'line': b'      |                 \x1b[01;36m\x1b[K^~~~~~\x1b[m\x1b[K\n'}
[3.316735] (easy_bot) StderrLine: {'line': b'In file included from \x1b[01m\x1b[K/opt/ros/humble/include/rclcpp/rclcpp/client.hpp:40\x1b[m\x1b[K,\n'}
[3.316761] (easy_bot) StderrLine: {'line': b'                 from \x1b[01m\x1b[K/opt/ros/humble/include/rclcpp/rclcpp/callback_group.hpp:24\x1b[m\x1b[K,\n'}
[3.316788] (easy_bot) StderrLine: {'line': b'                 from \x1b[01m\x1b[K/opt/ros/humble/include/rclcpp/rclcpp/any_executable.hpp:20\x1b[m\x1b[K,\n'}
[3.316814] (easy_bot) StderrLine: {'line': b'                 from \x1b[01m\x1b[K/opt/ros/humble/include/rclcpp/rclcpp/memory_strategy.hpp:25\x1b[m\x1b[K,\n'}
[3.316843] (easy_bot) StderrLine: {'line': b'                 from \x1b[01m\x1b[K/opt/ros/humble/include/rclcpp/rclcpp/memory_strategies.hpp:18\x1b[m\x1b[K,\n'}
[3.316869] (easy_bot) StderrLine: {'line': b'                 from \x1b[01m\x1b[K/opt/ros/humble/include/rclcpp/rclcpp/executor_options.hpp:20\x1b[m\x1b[K,\n'}
[3.316895] (easy_bot) StderrLine: {'line': b'                 from \x1b[01m\x1b[K/opt/ros/humble/include/rclcpp/rclcpp/executor.hpp:37\x1b[m\x1b[K,\n'}
[3.316921] (easy_bot) StderrLine: {'line': b'                 from \x1b[01m\x1b[K/opt/ros/humble/include/rclcpp/rclcpp/executors/multi_threaded_executor.hpp:25\x1b[m\x1b[K,\n'}
[3.316947] (easy_bot) StderrLine: {'line': b'                 from \x1b[01m\x1b[K/opt/ros/humble/include/rclcpp/rclcpp/executors.hpp:21\x1b[m\x1b[K,\n'}
[3.316973] (easy_bot) StderrLine: {'line': b'                 from \x1b[01m\x1b[K/opt/ros/humble/include/rclcpp/rclcpp/rclcpp.hpp:155\x1b[m\x1b[K,\n'}
[3.316999] (easy_bot) StderrLine: {'line': b'                 from \x1b[01m\x1b[K/home/kmra/ros2/easy_bot/ros_ws/src/easy_bot/hardware/easy_bot.cpp:27\x1b[m\x1b[K:\n'}
[3.317027] (easy_bot) StderrLine: {'line': b'\x1b[01m\x1b[K/home/kmra/ros2/easy_bot/ros_ws/src/easy_bot/hardware/easy_bot.cpp:97:5:\x1b[m\x1b[K \x1b[01;31m\x1b[Kerror: \x1b[m\x1b[Ktemplate argument 1 is invalid\n'}
[3.317053] (easy_bot) StderrLine: {'line': b'   97 |     \x1b[01;31m\x1b[KRCLCPP_INFO\x1b[m\x1b[K(get_logger(), "%.1f seconds left...", hw_start_sec_ - i);\n'}
[3.317098] (easy_bot) StderrLine: {'line': b'      |     \x1b[01;31m\x1b[K^~~~~~~~~~~\x1b[m\x1b[K\n'}
[3.324615] (easy_bot) StderrLine: {'line': b'\x1b[01m\x1b[K/home/kmra/ros2/easy_bot/ros_ws/src/easy_bot/hardware/easy_bot.cpp:102:37:\x1b[m\x1b[K \x1b[01;31m\x1b[Kerror: \x1b[m\x1b[K\xe2\x80\x98\x1b[01m\x1b[Kjoint_state_interfaces_\x1b[m\x1b[K\xe2\x80\x99 was not declared in this scope; did you mean \xe2\x80\x98\x1b[01m\x1b[Kexport_state_interfaces\x1b[m\x1b[K\xe2\x80\x99?\n'}
[3.324774] (easy_bot) StderrLine: {'line': b'  102 |   for (const auto & [name, descr] : \x1b[01;31m\x1b[Kjoint_state_interfaces_\x1b[m\x1b[K)\n'}
[3.324815] (easy_bot) StderrLine: {'line': b'      |                                     \x1b[01;31m\x1b[K^~~~~~~~~~~~~~~~~~~~~~~\x1b[m\x1b[K\n'}
[3.324875] (easy_bot) StderrLine: {'line': b'      |                                     \x1b[32m\x1b[Kexport_state_interfaces\x1b[m\x1b[K\n'}
[3.332162] (easy_bot) StderrLine: {'line': b'\x1b[01m\x1b[K/home/kmra/ros2/easy_bot/ros_ws/src/easy_bot/hardware/easy_bot.cpp:106:37:\x1b[m\x1b[K \x1b[01;31m\x1b[Kerror: \x1b[m\x1b[K\xe2\x80\x98\x1b[01m\x1b[Kjoint_command_interfaces_\x1b[m\x1b[K\xe2\x80\x99 was not declared in this scope; did you mean \xe2\x80\x98\x1b[01m\x1b[Kexport_command_interfaces\x1b[m\x1b[K\xe2\x80\x99?\n'}
[3.332346] (easy_bot) StderrLine: {'line': b'  106 |   for (const auto & [name, descr] : \x1b[01;31m\x1b[Kjoint_command_interfaces_\x1b[m\x1b[K)\n'}
[3.332387] (easy_bot) StderrLine: {'line': b'      |                                     \x1b[01;31m\x1b[K^~~~~~~~~~~~~~~~~~~~~~~~~\x1b[m\x1b[K\n'}
[3.332419] (easy_bot) StderrLine: {'line': b'      |                                     \x1b[32m\x1b[Kexport_command_interfaces\x1b[m\x1b[K\n'}
[3.337135] (-) TimerEvent: {}
[3.341080] (easy_bot) StderrLine: {'line': b'\x1b[01m\x1b[K/home/kmra/ros2/easy_bot/ros_ws/src/easy_bot/hardware/easy_bot.cpp:108:5:\x1b[m\x1b[K \x1b[01;31m\x1b[Kerror: \x1b[m\x1b[K\xe2\x80\x98\x1b[01m\x1b[Kset_command\x1b[m\x1b[K\xe2\x80\x99 was not declared in this scope\n'}
[3.341220] (easy_bot) StderrLine: {'line': b'  108 |     \x1b[01;31m\x1b[Kset_command\x1b[m\x1b[K(name, 0.0);\n'}
[3.341259] (easy_bot) StderrLine: {'line': b'      |     \x1b[01;31m\x1b[K^~~~~~~~~~~\x1b[m\x1b[K\n'}
[3.344586] (easy_bot) StderrLine: {'line': b'In file included from \x1b[01m\x1b[K/opt/ros/humble/include/rclcpp/rclcpp/client.hpp:40\x1b[m\x1b[K,\n'}
[3.344706] (easy_bot) StderrLine: {'line': b'                 from \x1b[01m\x1b[K/opt/ros/humble/include/rclcpp/rclcpp/callback_group.hpp:24\x1b[m\x1b[K,\n'}
[3.344747] (easy_bot) StderrLine: {'line': b'                 from \x1b[01m\x1b[K/opt/ros/humble/include/rclcpp/rclcpp/any_executable.hpp:20\x1b[m\x1b[K,\n'}
[3.344779] (easy_bot) StderrLine: {'line': b'                 from \x1b[01m\x1b[K/opt/ros/humble/include/rclcpp/rclcpp/memory_strategy.hpp:25\x1b[m\x1b[K,\n'}
[3.344810] (easy_bot) StderrLine: {'line': b'                 from \x1b[01m\x1b[K/opt/ros/humble/include/rclcpp/rclcpp/memory_strategies.hpp:18\x1b[m\x1b[K,\n'}
[3.344838] (easy_bot) StderrLine: {'line': b'                 from \x1b[01m\x1b[K/opt/ros/humble/include/rclcpp/rclcpp/executor_options.hpp:20\x1b[m\x1b[K,\n'}
[3.344876] (easy_bot) StderrLine: {'line': b'                 from \x1b[01m\x1b[K/opt/ros/humble/include/rclcpp/rclcpp/executor.hpp:37\x1b[m\x1b[K,\n'}
[3.344905] (easy_bot) StderrLine: {'line': b'                 from \x1b[01m\x1b[K/opt/ros/humble/include/rclcpp/rclcpp/executors/multi_threaded_executor.hpp:25\x1b[m\x1b[K,\n'}
[3.344933] (easy_bot) StderrLine: {'line': b'                 from \x1b[01m\x1b[K/opt/ros/humble/include/rclcpp/rclcpp/executors.hpp:21\x1b[m\x1b[K,\n'}
[3.344960] (easy_bot) StderrLine: {'line': b'                 from \x1b[01m\x1b[K/opt/ros/humble/include/rclcpp/rclcpp/rclcpp.hpp:155\x1b[m\x1b[K,\n'}
[3.344986] (easy_bot) StderrLine: {'line': b'                 from \x1b[01m\x1b[K/home/kmra/ros2/easy_bot/ros_ws/src/easy_bot/hardware/easy_bot.cpp:27\x1b[m\x1b[K:\n'}
[3.345013] (easy_bot) StderrLine: {'line': b'\x1b[01m\x1b[K/home/kmra/ros2/easy_bot/ros_ws/src/easy_bot/hardware/easy_bot.cpp:110:15:\x1b[m\x1b[K \x1b[01;31m\x1b[Kerror: \x1b[m\x1b[K\xe2\x80\x98\x1b[01m\x1b[Kget_logger\x1b[m\x1b[K\xe2\x80\x99 was not declared in this scope; did you mean \xe2\x80\x98\x1b[01m\x1b[Krclcpp::get_logger\x1b[m\x1b[K\xe2\x80\x99?\n'}
[3.345045] (easy_bot) StderrLine: {'line': b'  110 |   RCLCPP_INFO(\x1b[01;31m\x1b[Kget_logger\x1b[m\x1b[K(), "Successfully configured!");\n'}
[3.345073] (easy_bot) StderrLine: {'line': b'      |               \x1b[01;31m\x1b[K^~~~~~~~~~\x1b[m\x1b[K\n'}
[3.345102] (easy_bot) StderrLine: {'line': b'In file included from \x1b[01m\x1b[K/opt/ros/humble/include/rclcpp/rclcpp/logging.hpp:23\x1b[m\x1b[K,\n'}
[3.345129] (easy_bot) StderrLine: {'line': b'                 from \x1b[01m\x1b[K/opt/ros/humble/include/rclcpp/rclcpp/client.hpp:40\x1b[m\x1b[K,\n'}
[3.345156] (easy_bot) StderrLine: {'line': b'                 from \x1b[01m\x1b[K/opt/ros/humble/include/rclcpp/rclcpp/callback_group.hpp:24\x1b[m\x1b[K,\n'}
[3.345199] (easy_bot) StderrLine: {'line': b'                 from \x1b[01m\x1b[K/opt/ros/humble/include/rclcpp/rclcpp/any_executable.hpp:20\x1b[m\x1b[K,\n'}
[3.345228] (easy_bot) StderrLine: {'line': b'                 from \x1b[01m\x1b[K/opt/ros/humble/include/rclcpp/rclcpp/memory_strategy.hpp:25\x1b[m\x1b[K,\n'}
[3.345254] (easy_bot) StderrLine: {'line': b'                 from \x1b[01m\x1b[K/opt/ros/humble/include/rclcpp/rclcpp/memory_strategies.hpp:18\x1b[m\x1b[K,\n'}
[3.345280] (easy_bot) StderrLine: {'line': b'                 from \x1b[01m\x1b[K/opt/ros/humble/include/rclcpp/rclcpp/executor_options.hpp:20\x1b[m\x1b[K,\n'}
[3.345305] (easy_bot) StderrLine: {'line': b'                 from \x1b[01m\x1b[K/opt/ros/humble/include/rclcpp/rclcpp/executor.hpp:37\x1b[m\x1b[K,\n'}
[3.345333] (easy_bot) StderrLine: {'line': b'                 from \x1b[01m\x1b[K/opt/ros/humble/include/rclcpp/rclcpp/executors/multi_threaded_executor.hpp:25\x1b[m\x1b[K,\n'}
[3.345360] (easy_bot) StderrLine: {'line': b'                 from \x1b[01m\x1b[K/opt/ros/humble/include/rclcpp/rclcpp/executors.hpp:21\x1b[m\x1b[K,\n'}
[3.345386] (easy_bot) StderrLine: {'line': b'                 from \x1b[01m\x1b[K/opt/ros/humble/include/rclcpp/rclcpp/rclcpp.hpp:155\x1b[m\x1b[K,\n'}
[3.345415] (easy_bot) StderrLine: {'line': b'                 from \x1b[01m\x1b[K/home/kmra/ros2/easy_bot/ros_ws/src/easy_bot/hardware/easy_bot.cpp:27\x1b[m\x1b[K:\n'}
[3.345441] (easy_bot) StderrLine: {'line': b'\x1b[01m\x1b[K/opt/ros/humble/include/rclcpp/rclcpp/logger.hpp:106:17:\x1b[m\x1b[K \x1b[01;36m\x1b[Knote: \x1b[m\x1b[K\xe2\x80\x98\x1b[01m\x1b[Krclcpp::get_logger\x1b[m\x1b[K\xe2\x80\x99 declared here\n'}
[3.345510] (easy_bot) StderrLine: {'line': b'  106 |   friend Logger \x1b[01;36m\x1b[Krclcpp\x1b[m\x1b[K::get_logger(const std::string & name);\n'}
[3.345537] (easy_bot) StderrLine: {'line': b'      |                 \x1b[01;36m\x1b[K^~~~~~\x1b[m\x1b[K\n'}
[3.345564] (easy_bot) StderrLine: {'line': b'In file included from \x1b[01m\x1b[K/opt/ros/humble/include/rclcpp/rclcpp/client.hpp:40\x1b[m\x1b[K,\n'}
[3.345590] (easy_bot) StderrLine: {'line': b'                 from \x1b[01m\x1b[K/opt/ros/humble/include/rclcpp/rclcpp/callback_group.hpp:24\x1b[m\x1b[K,\n'}
[3.345620] (easy_bot) StderrLine: {'line': b'                 from \x1b[01m\x1b[K/opt/ros/humble/include/rclcpp/rclcpp/any_executable.hpp:20\x1b[m\x1b[K,\n'}
[3.345646] (easy_bot) StderrLine: {'line': b'                 from \x1b[01m\x1b[K/opt/ros/humble/include/rclcpp/rclcpp/memory_strategy.hpp:25\x1b[m\x1b[K,\n'}
[3.345671] (easy_bot) StderrLine: {'line': b'                 from \x1b[01m\x1b[K/opt/ros/humble/include/rclcpp/rclcpp/memory_strategies.hpp:18\x1b[m\x1b[K,\n'}
[3.345696] (easy_bot) StderrLine: {'line': b'                 from \x1b[01m\x1b[K/opt/ros/humble/include/rclcpp/rclcpp/executor_options.hpp:20\x1b[m\x1b[K,\n'}
[3.345722] (easy_bot) StderrLine: {'line': b'                 from \x1b[01m\x1b[K/opt/ros/humble/include/rclcpp/rclcpp/executor.hpp:37\x1b[m\x1b[K,\n'}
[3.345751] (easy_bot) StderrLine: {'line': b'                 from \x1b[01m\x1b[K/opt/ros/humble/include/rclcpp/rclcpp/executors/multi_threaded_executor.hpp:25\x1b[m\x1b[K,\n'}
[3.345776] (easy_bot) StderrLine: {'line': b'                 from \x1b[01m\x1b[K/opt/ros/humble/include/rclcpp/rclcpp/executors.hpp:21\x1b[m\x1b[K,\n'}
[3.345803] (easy_bot) StderrLine: {'line': b'                 from \x1b[01m\x1b[K/opt/ros/humble/include/rclcpp/rclcpp/rclcpp.hpp:155\x1b[m\x1b[K,\n'}
[3.345830] (easy_bot) StderrLine: {'line': b'                 from \x1b[01m\x1b[K/home/kmra/ros2/easy_bot/ros_ws/src/easy_bot/hardware/easy_bot.cpp:27\x1b[m\x1b[K:\n'}
[3.345855] (easy_bot) StderrLine: {'line': b'\x1b[01m\x1b[K/home/kmra/ros2/easy_bot/ros_ws/src/easy_bot/hardware/easy_bot.cpp:110:3:\x1b[m\x1b[K \x1b[01;31m\x1b[Kerror: \x1b[m\x1b[Ktemplate argument 1 is invalid\n'}
[3.345891] (easy_bot) StderrLine: {'line': b'  110 |   \x1b[01;31m\x1b[KRCLCPP_INFO\x1b[m\x1b[K(get_logger(), "Successfully configured!");\n'}
[3.345918] (easy_bot) StderrLine: {'line': b'      |   \x1b[01;31m\x1b[K^~~~~~~~~~~\x1b[m\x1b[K\n'}
[3.347626] (easy_bot) StderrLine: {'line': b'\x1b[01m\x1b[K/home/kmra/ros2/easy_bot/ros_ws/src/easy_bot/hardware/easy_bot.cpp:\x1b[m\x1b[K In member function \xe2\x80\x98\x1b[01m\x1b[Kvirtual hardware_interface::CallbackReturn easy_bot::EasyBotHardware::on_activate(const rclcpp_lifecycle::State&)\x1b[m\x1b[K\xe2\x80\x99:\n'}
[3.347713] (easy_bot) StderrLine: {'line': b'\x1b[01m\x1b[K/home/kmra/ros2/easy_bot/ros_ws/src/easy_bot/hardware/easy_bot.cpp:119:15:\x1b[m\x1b[K \x1b[01;31m\x1b[Kerror: \x1b[m\x1b[K\xe2\x80\x98\x1b[01m\x1b[Kget_logger\x1b[m\x1b[K\xe2\x80\x99 was not declared in this scope; did you mean \xe2\x80\x98\x1b[01m\x1b[Krclcpp::get_logger\x1b[m\x1b[K\xe2\x80\x99?\n'}
[3.347762] (easy_bot) StderrLine: {'line': b'  119 |   RCLCPP_INFO(\x1b[01;31m\x1b[Kget_logger\x1b[m\x1b[K(), "Activating ...please wait...");\n'}
[3.347793] (easy_bot) StderrLine: {'line': b'      |               \x1b[01;31m\x1b[K^~~~~~~~~~\x1b[m\x1b[K\n'}
[3.347822] (easy_bot) StderrLine: {'line': b'In file included from \x1b[01m\x1b[K/opt/ros/humble/include/rclcpp/rclcpp/logging.hpp:23\x1b[m\x1b[K,\n'}
[3.347849] (easy_bot) StderrLine: {'line': b'                 from \x1b[01m\x1b[K/opt/ros/humble/include/rclcpp/rclcpp/client.hpp:40\x1b[m\x1b[K,\n'}
[3.347878] (easy_bot) StderrLine: {'line': b'                 from \x1b[01m\x1b[K/opt/ros/humble/include/rclcpp/rclcpp/callback_group.hpp:24\x1b[m\x1b[K,\n'}
[3.347905] (easy_bot) StderrLine: {'line': b'                 from \x1b[01m\x1b[K/opt/ros/humble/include/rclcpp/rclcpp/any_executable.hpp:20\x1b[m\x1b[K,\n'}
[3.347937] (easy_bot) StderrLine: {'line': b'                 from \x1b[01m\x1b[K/opt/ros/humble/include/rclcpp/rclcpp/memory_strategy.hpp:25\x1b[m\x1b[K,\n'}
[3.347968] (easy_bot) StderrLine: {'line': b'                 from \x1b[01m\x1b[K/opt/ros/humble/include/rclcpp/rclcpp/memory_strategies.hpp:18\x1b[m\x1b[K,\n'}
[3.347997] (easy_bot) StderrLine: {'line': b'                 from \x1b[01m\x1b[K/opt/ros/humble/include/rclcpp/rclcpp/executor_options.hpp:20\x1b[m\x1b[K,\n'}
[3.348027] (easy_bot) StderrLine: {'line': b'                 from \x1b[01m\x1b[K/opt/ros/humble/include/rclcpp/rclcpp/executor.hpp:37\x1b[m\x1b[K,\n'}
[3.348054] (easy_bot) StderrLine: {'line': b'                 from \x1b[01m\x1b[K/opt/ros/humble/include/rclcpp/rclcpp/executors/multi_threaded_executor.hpp:25\x1b[m\x1b[K,\n'}
[3.348083] (easy_bot) StderrLine: {'line': b'                 from \x1b[01m\x1b[K/opt/ros/humble/include/rclcpp/rclcpp/executors.hpp:21\x1b[m\x1b[K,\n'}
[3.348111] (easy_bot) StderrLine: {'line': b'                 from \x1b[01m\x1b[K/opt/ros/humble/include/rclcpp/rclcpp/rclcpp.hpp:155\x1b[m\x1b[K,\n'}
[3.348137] (easy_bot) StderrLine: {'line': b'                 from \x1b[01m\x1b[K/home/kmra/ros2/easy_bot/ros_ws/src/easy_bot/hardware/easy_bot.cpp:27\x1b[m\x1b[K:\n'}
[3.348166] (easy_bot) StderrLine: {'line': b'\x1b[01m\x1b[K/opt/ros/humble/include/rclcpp/rclcpp/logger.hpp:106:17:\x1b[m\x1b[K \x1b[01;36m\x1b[Knote: \x1b[m\x1b[K\xe2\x80\x98\x1b[01m\x1b[Krclcpp::get_logger\x1b[m\x1b[K\xe2\x80\x99 declared here\n'}
[3.348197] (easy_bot) StderrLine: {'line': b'  106 |   friend Logger \x1b[01;36m\x1b[Krclcpp\x1b[m\x1b[K::get_logger(const std::string & name);\n'}
[3.348223] (easy_bot) StderrLine: {'line': b'      |                 \x1b[01;36m\x1b[K^~~~~~\x1b[m\x1b[K\n'}
[3.348250] (easy_bot) StderrLine: {'line': b'In file included from \x1b[01m\x1b[K/opt/ros/humble/include/rclcpp/rclcpp/client.hpp:40\x1b[m\x1b[K,\n'}
[3.348276] (easy_bot) StderrLine: {'line': b'                 from \x1b[01m\x1b[K/opt/ros/humble/include/rclcpp/rclcpp/callback_group.hpp:24\x1b[m\x1b[K,\n'}
[3.348302] (easy_bot) StderrLine: {'line': b'                 from \x1b[01m\x1b[K/opt/ros/humble/include/rclcpp/rclcpp/any_executable.hpp:20\x1b[m\x1b[K,\n'}
[3.348327] (easy_bot) StderrLine: {'line': b'                 from \x1b[01m\x1b[K/opt/ros/humble/include/rclcpp/rclcpp/memory_strategy.hpp:25\x1b[m\x1b[K,\n'}
[3.348356] (easy_bot) StderrLine: {'line': b'                 from \x1b[01m\x1b[K/opt/ros/humble/include/rclcpp/rclcpp/memory_strategies.hpp:18\x1b[m\x1b[K,\n'}
[3.348381] (easy_bot) StderrLine: {'line': b'                 from \x1b[01m\x1b[K/opt/ros/humble/include/rclcpp/rclcpp/executor_options.hpp:20\x1b[m\x1b[K,\n'}
[3.348407] (easy_bot) StderrLine: {'line': b'                 from \x1b[01m\x1b[K/opt/ros/humble/include/rclcpp/rclcpp/executor.hpp:37\x1b[m\x1b[K,\n'}
[3.348433] (easy_bot) StderrLine: {'line': b'                 from \x1b[01m\x1b[K/opt/ros/humble/include/rclcpp/rclcpp/executors/multi_threaded_executor.hpp:25\x1b[m\x1b[K,\n'}
[3.348780] (easy_bot) StderrLine: {'line': b'                 from \x1b[01m\x1b[K/opt/ros/humble/include/rclcpp/rclcpp/executors.hpp:21\x1b[m\x1b[K,\n'}
[3.348831] (easy_bot) StderrLine: {'line': b'                 from \x1b[01m\x1b[K/opt/ros/humble/include/rclcpp/rclcpp/rclcpp.hpp:155\x1b[m\x1b[K,\n'}
[3.348864] (easy_bot) StderrLine: {'line': b'                 from \x1b[01m\x1b[K/home/kmra/ros2/easy_bot/ros_ws/src/easy_bot/hardware/easy_bot.cpp:27\x1b[m\x1b[K:\n'}
[3.348893] (easy_bot) StderrLine: {'line': b'\x1b[01m\x1b[K/home/kmra/ros2/easy_bot/ros_ws/src/easy_bot/hardware/easy_bot.cpp:119:3:\x1b[m\x1b[K \x1b[01;31m\x1b[Kerror: \x1b[m\x1b[Ktemplate argument 1 is invalid\n'}
[3.348921] (easy_bot) StderrLine: {'line': b'  119 |   \x1b[01;31m\x1b[KRCLCPP_INFO\x1b[m\x1b[K(get_logger(), "Activating ...please wait...");\n'}
[3.348948] (easy_bot) StderrLine: {'line': b'      |   \x1b[01;31m\x1b[K^~~~~~~~~~~\x1b[m\x1b[K\n'}
[3.348974] (easy_bot) StderrLine: {'line': b'\x1b[01m\x1b[K/home/kmra/ros2/easy_bot/ros_ws/src/easy_bot/hardware/easy_bot.cpp:124:17:\x1b[m\x1b[K \x1b[01;31m\x1b[Kerror: \x1b[m\x1b[K\xe2\x80\x98\x1b[01m\x1b[Kget_logger\x1b[m\x1b[K\xe2\x80\x99 was not declared in this scope; did you mean \xe2\x80\x98\x1b[01m\x1b[Krclcpp::get_logger\x1b[m\x1b[K\xe2\x80\x99?\n'}
[3.349002] (easy_bot) StderrLine: {'line': b'  124 |     RCLCPP_INFO(\x1b[01;31m\x1b[Kget_logger\x1b[m\x1b[K(), "%.1f seconds left...", hw_start_sec_ - i);\n'}
[3.349031] (easy_bot) StderrLine: {'line': b'      |                 \x1b[01;31m\x1b[K^~~~~~~~~~\x1b[m\x1b[K\n'}
[3.349059] (easy_bot) StderrLine: {'line': b'In file included from \x1b[01m\x1b[K/opt/ros/humble/include/rclcpp/rclcpp/logging.hpp:23\x1b[m\x1b[K,\n'}
[3.349086] (easy_bot) StderrLine: {'line': b'                 from \x1b[01m\x1b[K/opt/ros/humble/include/rclcpp/rclcpp/client.hpp:40\x1b[m\x1b[K,\n'}
[3.349113] (easy_bot) StderrLine: {'line': b'                 from \x1b[01m\x1b[K/opt/ros/humble/include/rclcpp/rclcpp/callback_group.hpp:24\x1b[m\x1b[K,\n'}
[3.349140] (easy_bot) StderrLine: {'line': b'                 from \x1b[01m\x1b[K/opt/ros/humble/include/rclcpp/rclcpp/any_executable.hpp:20\x1b[m\x1b[K,\n'}
[3.349166] (easy_bot) StderrLine: {'line': b'                 from \x1b[01m\x1b[K/opt/ros/humble/include/rclcpp/rclcpp/memory_strategy.hpp:25\x1b[m\x1b[K,\n'}
[3.349207] (easy_bot) StderrLine: {'line': b'                 from \x1b[01m\x1b[K/opt/ros/humble/include/rclcpp/rclcpp/memory_strategies.hpp:18\x1b[m\x1b[K,\n'}
[3.349241] (easy_bot) StderrLine: {'line': b'                 from \x1b[01m\x1b[K/opt/ros/humble/include/rclcpp/rclcpp/executor_options.hpp:20\x1b[m\x1b[K,\n'}
[3.349269] (easy_bot) StderrLine: {'line': b'                 from \x1b[01m\x1b[K/opt/ros/humble/include/rclcpp/rclcpp/executor.hpp:37\x1b[m\x1b[K,\n'}
[3.349298] (easy_bot) StderrLine: {'line': b'                 from \x1b[01m\x1b[K/opt/ros/humble/include/rclcpp/rclcpp/executors/multi_threaded_executor.hpp:25\x1b[m\x1b[K,\n'}
[3.349325] (easy_bot) StderrLine: {'line': b'                 from \x1b[01m\x1b[K/opt/ros/humble/include/rclcpp/rclcpp/executors.hpp:21\x1b[m\x1b[K,\n'}
[3.349354] (easy_bot) StderrLine: {'line': b'                 from \x1b[01m\x1b[K/opt/ros/humble/include/rclcpp/rclcpp/rclcpp.hpp:155\x1b[m\x1b[K,\n'}
[3.349380] (easy_bot) StderrLine: {'line': b'                 from \x1b[01m\x1b[K/home/kmra/ros2/easy_bot/ros_ws/src/easy_bot/hardware/easy_bot.cpp:27\x1b[m\x1b[K:\n'}
[3.349407] (easy_bot) StderrLine: {'line': b'\x1b[01m\x1b[K/opt/ros/humble/include/rclcpp/rclcpp/logger.hpp:106:17:\x1b[m\x1b[K \x1b[01;36m\x1b[Knote: \x1b[m\x1b[K\xe2\x80\x98\x1b[01m\x1b[Krclcpp::get_logger\x1b[m\x1b[K\xe2\x80\x99 declared here\n'}
[3.349434] (easy_bot) StderrLine: {'line': b'  106 |   friend Logger \x1b[01;36m\x1b[Krclcpp\x1b[m\x1b[K::get_logger(const std::string & name);\n'}
[3.349507] (easy_bot) StderrLine: {'line': b'      |                 \x1b[01;36m\x1b[K^~~~~~\x1b[m\x1b[K\n'}
[3.349539] (easy_bot) StderrLine: {'line': b'In file included from \x1b[01m\x1b[K/opt/ros/humble/include/rclcpp/rclcpp/client.hpp:40\x1b[m\x1b[K,\n'}
[3.349580] (easy_bot) StderrLine: {'line': b'                 from \x1b[01m\x1b[K/opt/ros/humble/include/rclcpp/rclcpp/callback_group.hpp:24\x1b[m\x1b[K,\n'}
[3.349610] (easy_bot) StderrLine: {'line': b'                 from \x1b[01m\x1b[K/opt/ros/humble/include/rclcpp/rclcpp/any_executable.hpp:20\x1b[m\x1b[K,\n'}
[3.349639] (easy_bot) StderrLine: {'line': b'                 from \x1b[01m\x1b[K/opt/ros/humble/include/rclcpp/rclcpp/memory_strategy.hpp:25\x1b[m\x1b[K,\n'}
[3.349665] (easy_bot) StderrLine: {'line': b'                 from \x1b[01m\x1b[K/opt/ros/humble/include/rclcpp/rclcpp/memory_strategies.hpp:18\x1b[m\x1b[K,\n'}
[3.349691] (easy_bot) StderrLine: {'line': b'                 from \x1b[01m\x1b[K/opt/ros/humble/include/rclcpp/rclcpp/executor_options.hpp:20\x1b[m\x1b[K,\n'}
[3.349718] (easy_bot) StderrLine: {'line': b'                 from \x1b[01m\x1b[K/opt/ros/humble/include/rclcpp/rclcpp/executor.hpp:37\x1b[m\x1b[K,\n'}
[3.349744] (easy_bot) StderrLine: {'line': b'                 from \x1b[01m\x1b[K/opt/ros/humble/include/rclcpp/rclcpp/executors/multi_threaded_executor.hpp:25\x1b[m\x1b[K,\n'}
[3.349776] (easy_bot) StderrLine: {'line': b'                 from \x1b[01m\x1b[K/opt/ros/humble/include/rclcpp/rclcpp/executors.hpp:21\x1b[m\x1b[K,\n'}
[3.349813] (easy_bot) StderrLine: {'line': b'                 from \x1b[01m\x1b[K/opt/ros/humble/include/rclcpp/rclcpp/rclcpp.hpp:155\x1b[m\x1b[K,\n'}
[3.349850] (easy_bot) StderrLine: {'line': b'                 from \x1b[01m\x1b[K/home/kmra/ros2/easy_bot/ros_ws/src/easy_bot/hardware/easy_bot.cpp:27\x1b[m\x1b[K:\n'}
[3.349887] (easy_bot) StderrLine: {'line': b'\x1b[01m\x1b[K/home/kmra/ros2/easy_bot/ros_ws/src/easy_bot/hardware/easy_bot.cpp:124:5:\x1b[m\x1b[K \x1b[01;31m\x1b[Kerror: \x1b[m\x1b[Ktemplate argument 1 is invalid\n'}
[3.349936] (easy_bot) StderrLine: {'line': b'  124 |     \x1b[01;31m\x1b[KRCLCPP_INFO\x1b[m\x1b[K(get_logger(), "%.1f seconds left...", hw_start_sec_ - i);\n'}
[3.349987] (easy_bot) StderrLine: {'line': b'      |     \x1b[01;31m\x1b[K^~~~~~~~~~~\x1b[m\x1b[K\n'}
[3.356788] (easy_bot) StderrLine: {'line': b'\x1b[01m\x1b[K/home/kmra/ros2/easy_bot/ros_ws/src/easy_bot/hardware/easy_bot.cpp:129:37:\x1b[m\x1b[K \x1b[01;31m\x1b[Kerror: \x1b[m\x1b[K\xe2\x80\x98\x1b[01m\x1b[Kjoint_state_interfaces_\x1b[m\x1b[K\xe2\x80\x99 was not declared in this scope; did you mean \xe2\x80\x98\x1b[01m\x1b[Kexport_state_interfaces\x1b[m\x1b[K\xe2\x80\x99?\n'}
[3.356898] (easy_bot) StderrLine: {'line': b'  129 |   for (const auto & [name, descr] : \x1b[01;31m\x1b[Kjoint_state_interfaces_\x1b[m\x1b[K)\n'}
[3.356936] (easy_bot) StderrLine: {'line': b'      |                                     \x1b[01;31m\x1b[K^~~~~~~~~~~~~~~~~~~~~~~\x1b[m\x1b[K\n'}
[3.356967] (easy_bot) StderrLine: {'line': b'      |                                     \x1b[32m\x1b[Kexport_state_interfaces\x1b[m\x1b[K\n'}
[3.362200] (easy_bot) StderrLine: {'line': b'\x1b[01m\x1b[K/home/kmra/ros2/easy_bot/ros_ws/src/easy_bot/hardware/easy_bot.cpp:131:5:\x1b[m\x1b[K \x1b[01;31m\x1b[Kerror: \x1b[m\x1b[K\xe2\x80\x98\x1b[01m\x1b[Kset_command\x1b[m\x1b[K\xe2\x80\x99 was not declared in this scope\n'}
[3.362337] (easy_bot) StderrLine: {'line': b'  131 |     \x1b[01;31m\x1b[Kset_command\x1b[m\x1b[K(name, get_state(name));\n'}
[3.362376] (easy_bot) StderrLine: {'line': b'      |     \x1b[01;31m\x1b[K^~~~~~~~~~~\x1b[m\x1b[K\n'}
[3.364499] (easy_bot) StderrLine: {'line': b'In file included from \x1b[01m\x1b[K/opt/ros/humble/include/rclcpp/rclcpp/client.hpp:40\x1b[m\x1b[K,\n'}
[3.364637] (easy_bot) StderrLine: {'line': b'                 from \x1b[01m\x1b[K/opt/ros/humble/include/rclcpp/rclcpp/callback_group.hpp:24\x1b[m\x1b[K,\n'}
[3.364680] (easy_bot) StderrLine: {'line': b'                 from \x1b[01m\x1b[K/opt/ros/humble/include/rclcpp/rclcpp/any_executable.hpp:20\x1b[m\x1b[K,\n'}
[3.364712] (easy_bot) StderrLine: {'line': b'                 from \x1b[01m\x1b[K/opt/ros/humble/include/rclcpp/rclcpp/memory_strategy.hpp:25\x1b[m\x1b[K,\n'}
[3.364748] (easy_bot) StderrLine: {'line': b'                 from \x1b[01m\x1b[K/opt/ros/humble/include/rclcpp/rclcpp/memory_strategies.hpp:18\x1b[m\x1b[K,\n'}
[3.364777] (easy_bot) StderrLine: {'line': b'                 from \x1b[01m\x1b[K/opt/ros/humble/include/rclcpp/rclcpp/executor_options.hpp:20\x1b[m\x1b[K,\n'}
[3.364832] (easy_bot) StderrLine: {'line': b'                 from \x1b[01m\x1b[K/opt/ros/humble/include/rclcpp/rclcpp/executor.hpp:37\x1b[m\x1b[K,\n'}
[3.364871] (easy_bot) StderrLine: {'line': b'                 from \x1b[01m\x1b[K/opt/ros/humble/include/rclcpp/rclcpp/executors/multi_threaded_executor.hpp:25\x1b[m\x1b[K,\n'}
[3.364901] (easy_bot) StderrLine: {'line': b'                 from \x1b[01m\x1b[K/opt/ros/humble/include/rclcpp/rclcpp/executors.hpp:21\x1b[m\x1b[K,\n'}
[3.364929] (easy_bot) StderrLine: {'line': b'                 from \x1b[01m\x1b[K/opt/ros/humble/include/rclcpp/rclcpp/rclcpp.hpp:155\x1b[m\x1b[K,\n'}
[3.364956] (easy_bot) StderrLine: {'line': b'                 from \x1b[01m\x1b[K/home/kmra/ros2/easy_bot/ros_ws/src/easy_bot/hardware/easy_bot.cpp:27\x1b[m\x1b[K:\n'}
[3.364982] (easy_bot) StderrLine: {'line': b'\x1b[01m\x1b[K/home/kmra/ros2/easy_bot/ros_ws/src/easy_bot/hardware/easy_bot.cpp:134:15:\x1b[m\x1b[K \x1b[01;31m\x1b[Kerror: \x1b[m\x1b[K\xe2\x80\x98\x1b[01m\x1b[Kget_logger\x1b[m\x1b[K\xe2\x80\x99 was not declared in this scope; did you mean \xe2\x80\x98\x1b[01m\x1b[Krclcpp::get_logger\x1b[m\x1b[K\xe2\x80\x99?\n'}
[3.365024] (easy_bot) StderrLine: {'line': b'  134 |   RCLCPP_INFO(\x1b[01;31m\x1b[Kget_logger\x1b[m\x1b[K(), "Successfully activated!");\n'}
[3.365050] (easy_bot) StderrLine: {'line': b'      |               \x1b[01;31m\x1b[K^~~~~~~~~~\x1b[m\x1b[K\n'}
[3.365153] (easy_bot) StderrLine: {'line': b'In file included from \x1b[01m\x1b[K/opt/ros/humble/include/rclcpp/rclcpp/logging.hpp:23\x1b[m\x1b[K,\n'}
[3.365188] (easy_bot) StderrLine: {'line': b'                 from \x1b[01m\x1b[K/opt/ros/humble/include/rclcpp/rclcpp/client.hpp:40\x1b[m\x1b[K,\n'}
[3.365216] (easy_bot) StderrLine: {'line': b'                 from \x1b[01m\x1b[K/opt/ros/humble/include/rclcpp/rclcpp/callback_group.hpp:24\x1b[m\x1b[K,\n'}
[3.365243] (easy_bot) StderrLine: {'line': b'                 from \x1b[01m\x1b[K/opt/ros/humble/include/rclcpp/rclcpp/any_executable.hpp:20\x1b[m\x1b[K,\n'}
[3.365271] (easy_bot) StderrLine: {'line': b'                 from \x1b[01m\x1b[K/opt/ros/humble/include/rclcpp/rclcpp/memory_strategy.hpp:25\x1b[m\x1b[K,\n'}
[3.365301] (easy_bot) StderrLine: {'line': b'                 from \x1b[01m\x1b[K/opt/ros/humble/include/rclcpp/rclcpp/memory_strategies.hpp:18\x1b[m\x1b[K,\n'}
[3.365369] (easy_bot) StderrLine: {'line': b'                 from \x1b[01m\x1b[K/opt/ros/humble/include/rclcpp/rclcpp/executor_options.hpp:20\x1b[m\x1b[K,\n'}
[3.365395] (easy_bot) StderrLine: {'line': b'                 from \x1b[01m\x1b[K/opt/ros/humble/include/rclcpp/rclcpp/executor.hpp:37\x1b[m\x1b[K,\n'}
[3.365421] (easy_bot) StderrLine: {'line': b'                 from \x1b[01m\x1b[K/opt/ros/humble/include/rclcpp/rclcpp/executors/multi_threaded_executor.hpp:25\x1b[m\x1b[K,\n'}
[3.365448] (easy_bot) StderrLine: {'line': b'                 from \x1b[01m\x1b[K/opt/ros/humble/include/rclcpp/rclcpp/executors.hpp:21\x1b[m\x1b[K,\n'}
[3.365474] (easy_bot) StderrLine: {'line': b'                 from \x1b[01m\x1b[K/opt/ros/humble/include/rclcpp/rclcpp/rclcpp.hpp:155\x1b[m\x1b[K,\n'}
[3.365503] (easy_bot) StderrLine: {'line': b'                 from \x1b[01m\x1b[K/home/kmra/ros2/easy_bot/ros_ws/src/easy_bot/hardware/easy_bot.cpp:27\x1b[m\x1b[K:\n'}
[3.365536] (easy_bot) StderrLine: {'line': b'\x1b[01m\x1b[K/opt/ros/humble/include/rclcpp/rclcpp/logger.hpp:106:17:\x1b[m\x1b[K \x1b[01;36m\x1b[Knote: \x1b[m\x1b[K\xe2\x80\x98\x1b[01m\x1b[Krclcpp::get_logger\x1b[m\x1b[K\xe2\x80\x99 declared here\n'}
[3.365564] (easy_bot) StderrLine: {'line': b'  106 |   friend Logger \x1b[01;36m\x1b[Krclcpp\x1b[m\x1b[K::get_logger(const std::string & name);\n'}
[3.365590] (easy_bot) StderrLine: {'line': b'      |                 \x1b[01;36m\x1b[K^~~~~~\x1b[m\x1b[K\n'}
[3.365616] (easy_bot) StderrLine: {'line': b'In file included from \x1b[01m\x1b[K/opt/ros/humble/include/rclcpp/rclcpp/client.hpp:40\x1b[m\x1b[K,\n'}
[3.365642] (easy_bot) StderrLine: {'line': b'                 from \x1b[01m\x1b[K/opt/ros/humble/include/rclcpp/rclcpp/callback_group.hpp:24\x1b[m\x1b[K,\n'}
[3.365668] (easy_bot) StderrLine: {'line': b'                 from \x1b[01m\x1b[K/opt/ros/humble/include/rclcpp/rclcpp/any_executable.hpp:20\x1b[m\x1b[K,\n'}
[3.365694] (easy_bot) StderrLine: {'line': b'                 from \x1b[01m\x1b[K/opt/ros/humble/include/rclcpp/rclcpp/memory_strategy.hpp:25\x1b[m\x1b[K,\n'}
[3.365724] (easy_bot) StderrLine: {'line': b'                 from \x1b[01m\x1b[K/opt/ros/humble/include/rclcpp/rclcpp/memory_strategies.hpp:18\x1b[m\x1b[K,\n'}
[3.365750] (easy_bot) StderrLine: {'line': b'                 from \x1b[01m\x1b[K/opt/ros/humble/include/rclcpp/rclcpp/executor_options.hpp:20\x1b[m\x1b[K,\n'}
[3.365776] (easy_bot) StderrLine: {'line': b'                 from \x1b[01m\x1b[K/opt/ros/humble/include/rclcpp/rclcpp/executor.hpp:37\x1b[m\x1b[K,\n'}
[3.365829] (easy_bot) StderrLine: {'line': b'                 from \x1b[01m\x1b[K/opt/ros/humble/include/rclcpp/rclcpp/executors/multi_threaded_executor.hpp:25\x1b[m\x1b[K,\n'}
[3.365858] (easy_bot) StderrLine: {'line': b'                 from \x1b[01m\x1b[K/opt/ros/humble/include/rclcpp/rclcpp/executors.hpp:21\x1b[m\x1b[K,\n'}
[3.365884] (easy_bot) StderrLine: {'line': b'                 from \x1b[01m\x1b[K/opt/ros/humble/include/rclcpp/rclcpp/rclcpp.hpp:155\x1b[m\x1b[K,\n'}
[3.365910] (easy_bot) StderrLine: {'line': b'                 from \x1b[01m\x1b[K/home/kmra/ros2/easy_bot/ros_ws/src/easy_bot/hardware/easy_bot.cpp:27\x1b[m\x1b[K:\n'}
[3.365936] (easy_bot) StderrLine: {'line': b'\x1b[01m\x1b[K/home/kmra/ros2/easy_bot/ros_ws/src/easy_bot/hardware/easy_bot.cpp:134:3:\x1b[m\x1b[K \x1b[01;31m\x1b[Kerror: \x1b[m\x1b[Ktemplate argument 1 is invalid\n'}
[3.365963] (easy_bot) StderrLine: {'line': b'  134 |   \x1b[01;31m\x1b[KRCLCPP_INFO\x1b[m\x1b[K(get_logger(), "Successfully activated!");\n'}
[3.365989] (easy_bot) StderrLine: {'line': b'      |   \x1b[01;31m\x1b[K^~~~~~~~~~~\x1b[m\x1b[K\n'}
[3.367754] (easy_bot) StderrLine: {'line': b'\x1b[01m\x1b[K/home/kmra/ros2/easy_bot/ros_ws/src/easy_bot/hardware/easy_bot.cpp:\x1b[m\x1b[K In member function \xe2\x80\x98\x1b[01m\x1b[Kvirtual hardware_interface::CallbackReturn easy_bot::EasyBotHardware::on_deactivate(const rclcpp_lifecycle::State&)\x1b[m\x1b[K\xe2\x80\x99:\n'}
[3.367835] (easy_bot) StderrLine: {'line': b'\x1b[01m\x1b[K/home/kmra/ros2/easy_bot/ros_ws/src/easy_bot/hardware/easy_bot.cpp:143:15:\x1b[m\x1b[K \x1b[01;31m\x1b[Kerror: \x1b[m\x1b[K\xe2\x80\x98\x1b[01m\x1b[Kget_logger\x1b[m\x1b[K\xe2\x80\x99 was not declared in this scope; did you mean \xe2\x80\x98\x1b[01m\x1b[Krclcpp::get_logger\x1b[m\x1b[K\xe2\x80\x99?\n'}
[3.367869] (easy_bot) StderrLine: {'line': b'  143 |   RCLCPP_INFO(\x1b[01;31m\x1b[Kget_logger\x1b[m\x1b[K(), "Deactivating ...please wait...");\n'}
[3.367899] (easy_bot) StderrLine: {'line': b'      |               \x1b[01;31m\x1b[K^~~~~~~~~~\x1b[m\x1b[K\n'}
[3.367927] (easy_bot) StderrLine: {'line': b'In file included from \x1b[01m\x1b[K/opt/ros/humble/include/rclcpp/rclcpp/logging.hpp:23\x1b[m\x1b[K,\n'}
[3.367974] (easy_bot) StderrLine: {'line': b'                 from \x1b[01m\x1b[K/opt/ros/humble/include/rclcpp/rclcpp/client.hpp:40\x1b[m\x1b[K,\n'}
[3.368002] (easy_bot) StderrLine: {'line': b'                 from \x1b[01m\x1b[K/opt/ros/humble/include/rclcpp/rclcpp/callback_group.hpp:24\x1b[m\x1b[K,\n'}
[3.368030] (easy_bot) StderrLine: {'line': b'                 from \x1b[01m\x1b[K/opt/ros/humble/include/rclcpp/rclcpp/any_executable.hpp:20\x1b[m\x1b[K,\n'}
[3.368080] (easy_bot) StderrLine: {'line': b'                 from \x1b[01m\x1b[K/opt/ros/humble/include/rclcpp/rclcpp/memory_strategy.hpp:25\x1b[m\x1b[K,\n'}
[3.368110] (easy_bot) StderrLine: {'line': b'                 from \x1b[01m\x1b[K/opt/ros/humble/include/rclcpp/rclcpp/memory_strategies.hpp:18\x1b[m\x1b[K,\n'}
[3.368139] (easy_bot) StderrLine: {'line': b'                 from \x1b[01m\x1b[K/opt/ros/humble/include/rclcpp/rclcpp/executor_options.hpp:20\x1b[m\x1b[K,\n'}
[3.368165] (easy_bot) StderrLine: {'line': b'                 from \x1b[01m\x1b[K/opt/ros/humble/include/rclcpp/rclcpp/executor.hpp:37\x1b[m\x1b[K,\n'}
[3.368203] (easy_bot) StderrLine: {'line': b'                 from \x1b[01m\x1b[K/opt/ros/humble/include/rclcpp/rclcpp/executors/multi_threaded_executor.hpp:25\x1b[m\x1b[K,\n'}
[3.368234] (easy_bot) StderrLine: {'line': b'                 from \x1b[01m\x1b[K/opt/ros/humble/include/rclcpp/rclcpp/executors.hpp:21\x1b[m\x1b[K,\n'}
[3.368261] (easy_bot) StderrLine: {'line': b'                 from \x1b[01m\x1b[K/opt/ros/humble/include/rclcpp/rclcpp/rclcpp.hpp:155\x1b[m\x1b[K,\n'}
[3.368287] (easy_bot) StderrLine: {'line': b'                 from \x1b[01m\x1b[K/home/kmra/ros2/easy_bot/ros_ws/src/easy_bot/hardware/easy_bot.cpp:27\x1b[m\x1b[K:\n'}
[3.368313] (easy_bot) StderrLine: {'line': b'\x1b[01m\x1b[K/opt/ros/humble/include/rclcpp/rclcpp/logger.hpp:106:17:\x1b[m\x1b[K \x1b[01;36m\x1b[Knote: \x1b[m\x1b[K\xe2\x80\x98\x1b[01m\x1b[Krclcpp::get_logger\x1b[m\x1b[K\xe2\x80\x99 declared here\n'}
[3.368340] (easy_bot) StderrLine: {'line': b'  106 |   friend Logger \x1b[01;36m\x1b[Krclcpp\x1b[m\x1b[K::get_logger(const std::string & name);\n'}
[3.368409] (easy_bot) StderrLine: {'line': b'      |                 \x1b[01;36m\x1b[K^~~~~~\x1b[m\x1b[K\n'}
[3.368439] (easy_bot) StderrLine: {'line': b'In file included from \x1b[01m\x1b[K/opt/ros/humble/include/rclcpp/rclcpp/client.hpp:40\x1b[m\x1b[K,\n'}
[3.368466] (easy_bot) StderrLine: {'line': b'                 from \x1b[01m\x1b[K/opt/ros/humble/include/rclcpp/rclcpp/callback_group.hpp:24\x1b[m\x1b[K,\n'}
[3.368659] (easy_bot) StderrLine: {'line': b'                 from \x1b[01m\x1b[K/opt/ros/humble/include/rclcpp/rclcpp/any_executable.hpp:20\x1b[m\x1b[K,\n'}
[3.368789] (easy_bot) StderrLine: {'line': b'                 from \x1b[01m\x1b[K/opt/ros/humble/include/rclcpp/rclcpp/memory_strategy.hpp:25\x1b[m\x1b[K,\n'}
[3.368817] (easy_bot) StderrLine: {'line': b'                 from \x1b[01m\x1b[K/opt/ros/humble/include/rclcpp/rclcpp/memory_strategies.hpp:18\x1b[m\x1b[K,\n'}
[3.368844] (easy_bot) StderrLine: {'line': b'                 from \x1b[01m\x1b[K/opt/ros/humble/include/rclcpp/rclcpp/executor_options.hpp:20\x1b[m\x1b[K,\n'}
[3.368872] (easy_bot) StderrLine: {'line': b'                 from \x1b[01m\x1b[K/opt/ros/humble/include/rclcpp/rclcpp/executor.hpp:37\x1b[m\x1b[K,\n'}
[3.368903] (easy_bot) StderrLine: {'line': b'                 from \x1b[01m\x1b[K/opt/ros/humble/include/rclcpp/rclcpp/executors/multi_threaded_executor.hpp:25\x1b[m\x1b[K,\n'}
[3.368929] (easy_bot) StderrLine: {'line': b'                 from \x1b[01m\x1b[K/opt/ros/humble/include/rclcpp/rclcpp/executors.hpp:21\x1b[m\x1b[K,\n'}
[3.368955] (easy_bot) StderrLine: {'line': b'                 from \x1b[01m\x1b[K/opt/ros/humble/include/rclcpp/rclcpp/rclcpp.hpp:155\x1b[m\x1b[K,\n'}
[3.368981] (easy_bot) StderrLine: {'line': b'                 from \x1b[01m\x1b[K/home/kmra/ros2/easy_bot/ros_ws/src/easy_bot/hardware/easy_bot.cpp:27\x1b[m\x1b[K:\n'}
[3.369010] (easy_bot) StderrLine: {'line': b'\x1b[01m\x1b[K/home/kmra/ros2/easy_bot/ros_ws/src/easy_bot/hardware/easy_bot.cpp:143:3:\x1b[m\x1b[K \x1b[01;31m\x1b[Kerror: \x1b[m\x1b[Ktemplate argument 1 is invalid\n'}
[3.369037] (easy_bot) StderrLine: {'line': b'  143 |   \x1b[01;31m\x1b[KRCLCPP_INFO\x1b[m\x1b[K(get_logger(), "Deactivating ...please wait...");\n'}
[3.369090] (easy_bot) StderrLine: {'line': b'      |   \x1b[01;31m\x1b[K^~~~~~~~~~~\x1b[m\x1b[K\n'}
[3.369266] (easy_bot) StderrLine: {'line': b'\x1b[01m\x1b[K/home/kmra/ros2/easy_bot/ros_ws/src/easy_bot/hardware/easy_bot.cpp:148:17:\x1b[m\x1b[K \x1b[01;31m\x1b[Kerror: \x1b[m\x1b[K\xe2\x80\x98\x1b[01m\x1b[Kget_logger\x1b[m\x1b[K\xe2\x80\x99 was not declared in this scope; did you mean \xe2\x80\x98\x1b[01m\x1b[Krclcpp::get_logger\x1b[m\x1b[K\xe2\x80\x99?\n'}
[3.369379] (easy_bot) StderrLine: {'line': b'  148 |     RCLCPP_INFO(\x1b[01;31m\x1b[Kget_logger\x1b[m\x1b[K(), "%.1f seconds left...", hw_stop_sec_ - i);\n'}
[3.369408] (easy_bot) StderrLine: {'line': b'      |                 \x1b[01;31m\x1b[K^~~~~~~~~~\x1b[m\x1b[K\n'}
[3.369434] (easy_bot) StderrLine: {'line': b'In file included from \x1b[01m\x1b[K/opt/ros/humble/include/rclcpp/rclcpp/logging.hpp:23\x1b[m\x1b[K,\n'}
[3.369460] (easy_bot) StderrLine: {'line': b'                 from \x1b[01m\x1b[K/opt/ros/humble/include/rclcpp/rclcpp/client.hpp:40\x1b[m\x1b[K,\n'}
[3.369486] (easy_bot) StderrLine: {'line': b'                 from \x1b[01m\x1b[K/opt/ros/humble/include/rclcpp/rclcpp/callback_group.hpp:24\x1b[m\x1b[K,\n'}
[3.369522] (easy_bot) StderrLine: {'line': b'                 from \x1b[01m\x1b[K/opt/ros/humble/include/rclcpp/rclcpp/any_executable.hpp:20\x1b[m\x1b[K,\n'}
[3.369549] (easy_bot) StderrLine: {'line': b'                 from \x1b[01m\x1b[K/opt/ros/humble/include/rclcpp/rclcpp/memory_strategy.hpp:25\x1b[m\x1b[K,\n'}
[3.369578] (easy_bot) StderrLine: {'line': b'                 from \x1b[01m\x1b[K/opt/ros/humble/include/rclcpp/rclcpp/memory_strategies.hpp:18\x1b[m\x1b[K,\n'}
[3.369604] (easy_bot) StderrLine: {'line': b'                 from \x1b[01m\x1b[K/opt/ros/humble/include/rclcpp/rclcpp/executor_options.hpp:20\x1b[m\x1b[K,\n'}
[3.369635] (easy_bot) StderrLine: {'line': b'                 from \x1b[01m\x1b[K/opt/ros/humble/include/rclcpp/rclcpp/executor.hpp:37\x1b[m\x1b[K,\n'}
[3.369661] (easy_bot) StderrLine: {'line': b'                 from \x1b[01m\x1b[K/opt/ros/humble/include/rclcpp/rclcpp/executors/multi_threaded_executor.hpp:25\x1b[m\x1b[K,\n'}
[3.369687] (easy_bot) StderrLine: {'line': b'                 from \x1b[01m\x1b[K/opt/ros/humble/include/rclcpp/rclcpp/executors.hpp:21\x1b[m\x1b[K,\n'}
[3.369713] (easy_bot) StderrLine: {'line': b'                 from \x1b[01m\x1b[K/opt/ros/humble/include/rclcpp/rclcpp/rclcpp.hpp:155\x1b[m\x1b[K,\n'}
[3.369741] (easy_bot) StderrLine: {'line': b'                 from \x1b[01m\x1b[K/home/kmra/ros2/easy_bot/ros_ws/src/easy_bot/hardware/easy_bot.cpp:27\x1b[m\x1b[K:\n'}
[3.369769] (easy_bot) StderrLine: {'line': b'\x1b[01m\x1b[K/opt/ros/humble/include/rclcpp/rclcpp/logger.hpp:106:17:\x1b[m\x1b[K \x1b[01;36m\x1b[Knote: \x1b[m\x1b[K\xe2\x80\x98\x1b[01m\x1b[Krclcpp::get_logger\x1b[m\x1b[K\xe2\x80\x99 declared here\n'}
[3.369795] (easy_bot) StderrLine: {'line': b'  106 |   friend Logger \x1b[01;36m\x1b[Krclcpp\x1b[m\x1b[K::get_logger(const std::string & name);\n'}
[3.369827] (easy_bot) StderrLine: {'line': b'      |                 \x1b[01;36m\x1b[K^~~~~~\x1b[m\x1b[K\n'}
[3.369856] (easy_bot) StderrLine: {'line': b'In file included from \x1b[01m\x1b[K/opt/ros/humble/include/rclcpp/rclcpp/client.hpp:40\x1b[m\x1b[K,\n'}
[3.369882] (easy_bot) StderrLine: {'line': b'                 from \x1b[01m\x1b[K/opt/ros/humble/include/rclcpp/rclcpp/callback_group.hpp:24\x1b[m\x1b[K,\n'}
[3.369908] (easy_bot) StderrLine: {'line': b'                 from \x1b[01m\x1b[K/opt/ros/humble/include/rclcpp/rclcpp/any_executable.hpp:20\x1b[m\x1b[K,\n'}
[3.369934] (easy_bot) StderrLine: {'line': b'                 from \x1b[01m\x1b[K/opt/ros/humble/include/rclcpp/rclcpp/memory_strategy.hpp:25\x1b[m\x1b[K,\n'}
[3.369967] (easy_bot) StderrLine: {'line': b'                 from \x1b[01m\x1b[K/opt/ros/humble/include/rclcpp/rclcpp/memory_strategies.hpp:18\x1b[m\x1b[K,\n'}
[3.370005] (easy_bot) StderrLine: {'line': b'                 from \x1b[01m\x1b[K/opt/ros/humble/include/rclcpp/rclcpp/executor_options.hpp:20\x1b[m\x1b[K,\n'}
[3.370072] (easy_bot) StderrLine: {'line': b'                 from \x1b[01m\x1b[K/opt/ros/humble/include/rclcpp/rclcpp/executor.hpp:37\x1b[m\x1b[K,\n'}
[3.370110] (easy_bot) StderrLine: {'line': b'                 from \x1b[01m\x1b[K/opt/ros/humble/include/rclcpp/rclcpp/executors/multi_threaded_executor.hpp:25\x1b[m\x1b[K,\n'}
[3.370152] (easy_bot) StderrLine: {'line': b'                 from \x1b[01m\x1b[K/opt/ros/humble/include/rclcpp/rclcpp/executors.hpp:21\x1b[m\x1b[K,\n'}
[3.370179] (easy_bot) StderrLine: {'line': b'                 from \x1b[01m\x1b[K/opt/ros/humble/include/rclcpp/rclcpp/rclcpp.hpp:155\x1b[m\x1b[K,\n'}
[3.370219] (easy_bot) StderrLine: {'line': b'                 from \x1b[01m\x1b[K/home/kmra/ros2/easy_bot/ros_ws/src/easy_bot/hardware/easy_bot.cpp:27\x1b[m\x1b[K:\n'}
[3.370246] (easy_bot) StderrLine: {'line': b'\x1b[01m\x1b[K/home/kmra/ros2/easy_bot/ros_ws/src/easy_bot/hardware/easy_bot.cpp:148:5:\x1b[m\x1b[K \x1b[01;31m\x1b[Kerror: \x1b[m\x1b[Ktemplate argument 1 is invalid\n'}
[3.370273] (easy_bot) StderrLine: {'line': b'  148 |     \x1b[01;31m\x1b[KRCLCPP_INFO\x1b[m\x1b[K(get_logger(), "%.1f seconds left...", hw_stop_sec_ - i);\n'}
[3.370299] (easy_bot) StderrLine: {'line': b'      |     \x1b[01;31m\x1b[K^~~~~~~~~~~\x1b[m\x1b[K\n'}
[3.370325] (easy_bot) StderrLine: {'line': b'\x1b[01m\x1b[K/home/kmra/ros2/easy_bot/ros_ws/src/easy_bot/hardware/easy_bot.cpp:151:15:\x1b[m\x1b[K \x1b[01;31m\x1b[Kerror: \x1b[m\x1b[K\xe2\x80\x98\x1b[01m\x1b[Kget_logger\x1b[m\x1b[K\xe2\x80\x99 was not declared in this scope; did you mean \xe2\x80\x98\x1b[01m\x1b[Krclcpp::get_logger\x1b[m\x1b[K\xe2\x80\x99?\n'}
[3.370353] (easy_bot) StderrLine: {'line': b'  151 |   RCLCPP_INFO(\x1b[01;31m\x1b[Kget_logger\x1b[m\x1b[K(), "Successfully deactivated!");\n'}
[3.370379] (easy_bot) StderrLine: {'line': b'      |               \x1b[01;31m\x1b[K^~~~~~~~~~\x1b[m\x1b[K\n'}
[3.370404] (easy_bot) StderrLine: {'line': b'In file included from \x1b[01m\x1b[K/opt/ros/humble/include/rclcpp/rclcpp/logging.hpp:23\x1b[m\x1b[K,\n'}
[3.370431] (easy_bot) StderrLine: {'line': b'                 from \x1b[01m\x1b[K/opt/ros/humble/include/rclcpp/rclcpp/client.hpp:40\x1b[m\x1b[K,\n'}
[3.370457] (easy_bot) StderrLine: {'line': b'                 from \x1b[01m\x1b[K/opt/ros/humble/include/rclcpp/rclcpp/callback_group.hpp:24\x1b[m\x1b[K,\n'}
[3.370487] (easy_bot) StderrLine: {'line': b'                 from \x1b[01m\x1b[K/opt/ros/humble/include/rclcpp/rclcpp/any_executable.hpp:20\x1b[m\x1b[K,\n'}
[3.370518] (easy_bot) StderrLine: {'line': b'                 from \x1b[01m\x1b[K/opt/ros/humble/include/rclcpp/rclcpp/memory_strategy.hpp:25\x1b[m\x1b[K,\n'}
[3.370548] (easy_bot) StderrLine: {'line': b'                 from \x1b[01m\x1b[K/opt/ros/humble/include/rclcpp/rclcpp/memory_strategies.hpp:18\x1b[m\x1b[K,\n'}
[3.370574] (easy_bot) StderrLine: {'line': b'                 from \x1b[01m\x1b[K/opt/ros/humble/include/rclcpp/rclcpp/executor_options.hpp:20\x1b[m\x1b[K,\n'}
[3.370603] (easy_bot) StderrLine: {'line': b'                 from \x1b[01m\x1b[K/opt/ros/humble/include/rclcpp/rclcpp/executor.hpp:37\x1b[m\x1b[K,\n'}
[3.370629] (easy_bot) StderrLine: {'line': b'                 from \x1b[01m\x1b[K/opt/ros/humble/include/rclcpp/rclcpp/executors/multi_threaded_executor.hpp:25\x1b[m\x1b[K,\n'}
[3.370656] (easy_bot) StderrLine: {'line': b'                 from \x1b[01m\x1b[K/opt/ros/humble/include/rclcpp/rclcpp/executors.hpp:21\x1b[m\x1b[K,\n'}
[3.370682] (easy_bot) StderrLine: {'line': b'                 from \x1b[01m\x1b[K/opt/ros/humble/include/rclcpp/rclcpp/rclcpp.hpp:155\x1b[m\x1b[K,\n'}
[3.370709] (easy_bot) StderrLine: {'line': b'                 from \x1b[01m\x1b[K/home/kmra/ros2/easy_bot/ros_ws/src/easy_bot/hardware/easy_bot.cpp:27\x1b[m\x1b[K:\n'}
[3.370735] (easy_bot) StderrLine: {'line': b'\x1b[01m\x1b[K/opt/ros/humble/include/rclcpp/rclcpp/logger.hpp:106:17:\x1b[m\x1b[K \x1b[01;36m\x1b[Knote: \x1b[m\x1b[K\xe2\x80\x98\x1b[01m\x1b[Krclcpp::get_logger\x1b[m\x1b[K\xe2\x80\x99 declared here\n'}
[3.370765] (easy_bot) StderrLine: {'line': b'  106 |   friend Logger \x1b[01;36m\x1b[Krclcpp\x1b[m\x1b[K::get_logger(const std::string & name);\n'}
[3.370792] (easy_bot) StderrLine: {'line': b'      |                 \x1b[01;36m\x1b[K^~~~~~\x1b[m\x1b[K\n'}
[3.370818] (easy_bot) StderrLine: {'line': b'In file included from \x1b[01m\x1b[K/opt/ros/humble/include/rclcpp/rclcpp/client.hpp:40\x1b[m\x1b[K,\n'}
[3.370844] (easy_bot) StderrLine: {'line': b'                 from \x1b[01m\x1b[K/opt/ros/humble/include/rclcpp/rclcpp/callback_group.hpp:24\x1b[m\x1b[K,\n'}
[3.370870] (easy_bot) StderrLine: {'line': b'                 from \x1b[01m\x1b[K/opt/ros/humble/include/rclcpp/rclcpp/any_executable.hpp:20\x1b[m\x1b[K,\n'}
[3.370896] (easy_bot) StderrLine: {'line': b'                 from \x1b[01m\x1b[K/opt/ros/humble/include/rclcpp/rclcpp/memory_strategy.hpp:25\x1b[m\x1b[K,\n'}
[3.370956] (easy_bot) StderrLine: {'line': b'                 from \x1b[01m\x1b[K/opt/ros/humble/include/rclcpp/rclcpp/memory_strategies.hpp:18\x1b[m\x1b[K,\n'}
[3.370984] (easy_bot) StderrLine: {'line': b'                 from \x1b[01m\x1b[K/opt/ros/humble/include/rclcpp/rclcpp/executor_options.hpp:20\x1b[m\x1b[K,\n'}
[3.371012] (easy_bot) StderrLine: {'line': b'                 from \x1b[01m\x1b[K/opt/ros/humble/include/rclcpp/rclcpp/executor.hpp:37\x1b[m\x1b[K,\n'}
[3.371037] (easy_bot) StderrLine: {'line': b'                 from \x1b[01m\x1b[K/opt/ros/humble/include/rclcpp/rclcpp/executors/multi_threaded_executor.hpp:25\x1b[m\x1b[K,\n'}
[3.371089] (easy_bot) StderrLine: {'line': b'                 from \x1b[01m\x1b[K/opt/ros/humble/include/rclcpp/rclcpp/executors.hpp:21\x1b[m\x1b[K,\n'}
[3.371116] (easy_bot) StderrLine: {'line': b'                 from \x1b[01m\x1b[K/opt/ros/humble/include/rclcpp/rclcpp/rclcpp.hpp:155\x1b[m\x1b[K,\n'}
[3.371146] (easy_bot) StderrLine: {'line': b'                 from \x1b[01m\x1b[K/home/kmra/ros2/easy_bot/ros_ws/src/easy_bot/hardware/easy_bot.cpp:27\x1b[m\x1b[K:\n'}
[3.371172] (easy_bot) StderrLine: {'line': b'\x1b[01m\x1b[K/home/kmra/ros2/easy_bot/ros_ws/src/easy_bot/hardware/easy_bot.cpp:151:3:\x1b[m\x1b[K \x1b[01;31m\x1b[Kerror: \x1b[m\x1b[Ktemplate argument 1 is invalid\n'}
[3.371199] (easy_bot) StderrLine: {'line': b'  151 |   \x1b[01;31m\x1b[KRCLCPP_INFO\x1b[m\x1b[K(get_logger(), "Successfully deactivated!");\n'}
[3.371225] (easy_bot) StderrLine: {'line': b'      |   \x1b[01;31m\x1b[K^~~~~~~~~~~\x1b[m\x1b[K\n'}
[3.380776] (easy_bot) StderrLine: {'line': b'\x1b[01m\x1b[K/home/kmra/ros2/easy_bot/ros_ws/src/easy_bot/hardware/easy_bot.cpp:\x1b[m\x1b[K In member function \xe2\x80\x98\x1b[01m\x1b[Kvirtual hardware_interface::return_type easy_bot::EasyBotHardware::read(const rclcpp::Time&, const rclcpp::Duration&)\x1b[m\x1b[K\xe2\x80\x99:\n'}
[3.380928] (easy_bot) StderrLine: {'line': b'\x1b[01m\x1b[K/home/kmra/ros2/easy_bot/ros_ws/src/easy_bot/hardware/easy_bot.cpp:164:37:\x1b[m\x1b[K \x1b[01;31m\x1b[Kerror: \x1b[m\x1b[K\xe2\x80\x98\x1b[01m\x1b[Kjoint_state_interfaces_\x1b[m\x1b[K\xe2\x80\x99 was not declared in this scope; did you mean \xe2\x80\x98\x1b[01m\x1b[Kexport_state_interfaces\x1b[m\x1b[K\xe2\x80\x99?\n'}
[3.380983] (easy_bot) StderrLine: {'line': b'  164 |   for (const auto & [name, descr] : \x1b[01;31m\x1b[Kjoint_state_interfaces_\x1b[m\x1b[K)\n'}
[3.381025] (easy_bot) StderrLine: {'line': b'      |                                     \x1b[01;31m\x1b[K^~~~~~~~~~~~~~~~~~~~~~~\x1b[m\x1b[K\n'}
[3.381071] (easy_bot) StderrLine: {'line': b'      |                                     \x1b[32m\x1b[Kexport_state_interfaces\x1b[m\x1b[K\n'}
[3.389917] (easy_bot) StderrLine: {'line': b'\x1b[01m\x1b[K/home/kmra/ros2/easy_bot/ros_ws/src/easy_bot/hardware/easy_bot.cpp:167:41:\x1b[m\x1b[K \x1b[01;31m\x1b[Kerror: \x1b[m\x1b[K\xe2\x80\x98\x1b[01m\x1b[Kget_command\x1b[m\x1b[K\xe2\x80\x99 was not declared in this scope\n'}
[3.390088] (easy_bot) StderrLine: {'line': b'  167 |     auto new_value = get_state(name) + (\x1b[01;31m\x1b[Kget_command\x1b[m\x1b[K(name) - get_state(name)) / hw_slowdown_;\n'}
[3.390128] (easy_bot) StderrLine: {'line': b'      |                                         \x1b[01;31m\x1b[K^~~~~~~~~~~\x1b[m\x1b[K\n'}
[3.390891] (easy_bot) StderrLine: {'line': b'In file included from \x1b[01m\x1b[K/opt/ros/humble/include/rclcpp/rclcpp/client.hpp:40\x1b[m\x1b[K,\n'}
[3.391110] (easy_bot) StderrLine: {'line': b'                 from \x1b[01m\x1b[K/opt/ros/humble/include/rclcpp/rclcpp/callback_group.hpp:24\x1b[m\x1b[K,\n'}
[3.391184] (easy_bot) StderrLine: {'line': b'                 from \x1b[01m\x1b[K/opt/ros/humble/include/rclcpp/rclcpp/any_executable.hpp:20\x1b[m\x1b[K,\n'}
[3.391219] (easy_bot) StderrLine: {'line': b'                 from \x1b[01m\x1b[K/opt/ros/humble/include/rclcpp/rclcpp/memory_strategy.hpp:25\x1b[m\x1b[K,\n'}
[3.391433] (easy_bot) StderrLine: {'line': b'                 from \x1b[01m\x1b[K/opt/ros/humble/include/rclcpp/rclcpp/memory_strategies.hpp:18\x1b[m\x1b[K,\n'}
[3.391477] (easy_bot) StderrLine: {'line': b'                 from \x1b[01m\x1b[K/opt/ros/humble/include/rclcpp/rclcpp/executor_options.hpp:20\x1b[m\x1b[K,\n'}
[3.391505] (easy_bot) StderrLine: {'line': b'                 from \x1b[01m\x1b[K/opt/ros/humble/include/rclcpp/rclcpp/executor.hpp:37\x1b[m\x1b[K,\n'}
[3.391532] (easy_bot) StderrLine: {'line': b'                 from \x1b[01m\x1b[K/opt/ros/humble/include/rclcpp/rclcpp/executors/multi_threaded_executor.hpp:25\x1b[m\x1b[K,\n'}
[3.391562] (easy_bot) StderrLine: {'line': b'                 from \x1b[01m\x1b[K/opt/ros/humble/include/rclcpp/rclcpp/executors.hpp:21\x1b[m\x1b[K,\n'}
[3.391590] (easy_bot) StderrLine: {'line': b'                 from \x1b[01m\x1b[K/opt/ros/humble/include/rclcpp/rclcpp/rclcpp.hpp:155\x1b[m\x1b[K,\n'}
[3.391617] (easy_bot) StderrLine: {'line': b'                 from \x1b[01m\x1b[K/home/kmra/ros2/easy_bot/ros_ws/src/easy_bot/hardware/easy_bot.cpp:27\x1b[m\x1b[K:\n'}
[3.391643] (easy_bot) StderrLine: {'line': b'\x1b[01m\x1b[K/home/kmra/ros2/easy_bot/ros_ws/src/easy_bot/hardware/easy_bot.cpp:172:24:\x1b[m\x1b[K \x1b[01;31m\x1b[Kerror: \x1b[m\x1b[K\xe2\x80\x98\x1b[01m\x1b[Kget_logger\x1b[m\x1b[K\xe2\x80\x99 was not declared in this scope; did you mean \xe2\x80\x98\x1b[01m\x1b[Krclcpp::get_logger\x1b[m\x1b[K\xe2\x80\x99?\n'}
[3.391678] (easy_bot) StderrLine: {'line': b'  172 |   RCLCPP_INFO_THROTTLE(\x1b[01;31m\x1b[Kget_logger\x1b[m\x1b[K(), *get_clock(), 500, "%s", ss.str().c_str());\n'}
[3.391706] (easy_bot) StderrLine: {'line': b'      |                        \x1b[01;31m\x1b[K^~~~~~~~~~\x1b[m\x1b[K\n'}
[3.391733] (easy_bot) StderrLine: {'line': b'In file included from \x1b[01m\x1b[K/opt/ros/humble/include/rclcpp/rclcpp/logging.hpp:23\x1b[m\x1b[K,\n'}
[3.391759] (easy_bot) StderrLine: {'line': b'                 from \x1b[01m\x1b[K/opt/ros/humble/include/rclcpp/rclcpp/client.hpp:40\x1b[m\x1b[K,\n'}
[3.391814] (easy_bot) StderrLine: {'line': b'                 from \x1b[01m\x1b[K/opt/ros/humble/include/rclcpp/rclcpp/callback_group.hpp:24\x1b[m\x1b[K,\n'}
[3.391841] (easy_bot) StderrLine: {'line': b'                 from \x1b[01m\x1b[K/opt/ros/humble/include/rclcpp/rclcpp/any_executable.hpp:20\x1b[m\x1b[K,\n'}
[3.391870] (easy_bot) StderrLine: {'line': b'                 from \x1b[01m\x1b[K/opt/ros/humble/include/rclcpp/rclcpp/memory_strategy.hpp:25\x1b[m\x1b[K,\n'}
[3.391896] (easy_bot) StderrLine: {'line': b'                 from \x1b[01m\x1b[K/opt/ros/humble/include/rclcpp/rclcpp/memory_strategies.hpp:18\x1b[m\x1b[K,\n'}
[3.391922] (easy_bot) StderrLine: {'line': b'                 from \x1b[01m\x1b[K/opt/ros/humble/include/rclcpp/rclcpp/executor_options.hpp:20\x1b[m\x1b[K,\n'}
[3.391949] (easy_bot) StderrLine: {'line': b'                 from \x1b[01m\x1b[K/opt/ros/humble/include/rclcpp/rclcpp/executor.hpp:37\x1b[m\x1b[K,\n'}
[3.391976] (easy_bot) StderrLine: {'line': b'                 from \x1b[01m\x1b[K/opt/ros/humble/include/rclcpp/rclcpp/executors/multi_threaded_executor.hpp:25\x1b[m\x1b[K,\n'}
[3.392002] (easy_bot) StderrLine: {'line': b'                 from \x1b[01m\x1b[K/opt/ros/humble/include/rclcpp/rclcpp/executors.hpp:21\x1b[m\x1b[K,\n'}
[3.392028] (easy_bot) StderrLine: {'line': b'                 from \x1b[01m\x1b[K/opt/ros/humble/include/rclcpp/rclcpp/rclcpp.hpp:155\x1b[m\x1b[K,\n'}
[3.392054] (easy_bot) StderrLine: {'line': b'                 from \x1b[01m\x1b[K/home/kmra/ros2/easy_bot/ros_ws/src/easy_bot/hardware/easy_bot.cpp:27\x1b[m\x1b[K:\n'}
[3.392082] (easy_bot) StderrLine: {'line': b'\x1b[01m\x1b[K/opt/ros/humble/include/rclcpp/rclcpp/logger.hpp:106:17:\x1b[m\x1b[K \x1b[01;36m\x1b[Knote: \x1b[m\x1b[K\xe2\x80\x98\x1b[01m\x1b[Krclcpp::get_logger\x1b[m\x1b[K\xe2\x80\x99 declared here\n'}
[3.392109] (easy_bot) StderrLine: {'line': b'  106 |   friend Logger \x1b[01;36m\x1b[Krclcpp\x1b[m\x1b[K::get_logger(const std::string & name);\n'}
[3.392134] (easy_bot) StderrLine: {'line': b'      |                 \x1b[01;36m\x1b[K^~~~~~\x1b[m\x1b[K\n'}
[3.392160] (easy_bot) StderrLine: {'line': b'In file included from \x1b[01m\x1b[K/opt/ros/humble/include/rclcpp/rclcpp/client.hpp:40\x1b[m\x1b[K,\n'}
[3.392186] (easy_bot) StderrLine: {'line': b'                 from \x1b[01m\x1b[K/opt/ros/humble/include/rclcpp/rclcpp/callback_group.hpp:24\x1b[m\x1b[K,\n'}
[3.392212] (easy_bot) StderrLine: {'line': b'                 from \x1b[01m\x1b[K/opt/ros/humble/include/rclcpp/rclcpp/any_executable.hpp:20\x1b[m\x1b[K,\n'}
[3.392239] (easy_bot) StderrLine: {'line': b'                 from \x1b[01m\x1b[K/opt/ros/humble/include/rclcpp/rclcpp/memory_strategy.hpp:25\x1b[m\x1b[K,\n'}
[3.392265] (easy_bot) StderrLine: {'line': b'                 from \x1b[01m\x1b[K/opt/ros/humble/include/rclcpp/rclcpp/memory_strategies.hpp:18\x1b[m\x1b[K,\n'}
[3.392290] (easy_bot) StderrLine: {'line': b'                 from \x1b[01m\x1b[K/opt/ros/humble/include/rclcpp/rclcpp/executor_options.hpp:20\x1b[m\x1b[K,\n'}
[3.392316] (easy_bot) StderrLine: {'line': b'                 from \x1b[01m\x1b[K/opt/ros/humble/include/rclcpp/rclcpp/executor.hpp:37\x1b[m\x1b[K,\n'}
[3.392342] (easy_bot) StderrLine: {'line': b'                 from \x1b[01m\x1b[K/opt/ros/humble/include/rclcpp/rclcpp/executors/multi_threaded_executor.hpp:25\x1b[m\x1b[K,\n'}
[3.392396] (easy_bot) StderrLine: {'line': b'                 from \x1b[01m\x1b[K/opt/ros/humble/include/rclcpp/rclcpp/executors.hpp:21\x1b[m\x1b[K,\n'}
[3.392425] (easy_bot) StderrLine: {'line': b'                 from \x1b[01m\x1b[K/opt/ros/humble/include/rclcpp/rclcpp/rclcpp.hpp:155\x1b[m\x1b[K,\n'}
[3.392451] (easy_bot) StderrLine: {'line': b'                 from \x1b[01m\x1b[K/home/kmra/ros2/easy_bot/ros_ws/src/easy_bot/hardware/easy_bot.cpp:27\x1b[m\x1b[K:\n'}
[3.392478] (easy_bot) StderrLine: {'line': b'\x1b[01m\x1b[K/home/kmra/ros2/easy_bot/ros_ws/src/easy_bot/hardware/easy_bot.cpp:172:3:\x1b[m\x1b[K \x1b[01;31m\x1b[Kerror: \x1b[m\x1b[Ktemplate argument 1 is invalid\n'}
[3.392504] (easy_bot) StderrLine: {'line': b'  172 |   \x1b[01;31m\x1b[KRCLCPP_INFO_THROTTLE\x1b[m\x1b[K(get_logger(), *get_clock(), 500, "%s", ss.str().c_str());\n'}
[3.392530] (easy_bot) StderrLine: {'line': b'      |   \x1b[01;31m\x1b[K^~~~~~~~~~~~~~~~~~~~\x1b[m\x1b[K\n'}
[3.397834] (easy_bot) StderrLine: {'line': b'\x1b[01m\x1b[K/home/kmra/ros2/easy_bot/ros_ws/src/easy_bot/hardware/easy_bot.cpp:172:39:\x1b[m\x1b[K \x1b[01;31m\x1b[Kerror: \x1b[m\x1b[K\xe2\x80\x98\x1b[01m\x1b[Kget_clock\x1b[m\x1b[K\xe2\x80\x99 was not declared in this scope\n'}
[3.397913] (easy_bot) StderrLine: {'line': b'  172 |   RCLCPP_INFO_THROTTLE(get_logger(), *\x1b[01;31m\x1b[Kget_clock\x1b[m\x1b[K(), 500, "%s", ss.str().c_str());\n'}
[3.397952] (easy_bot) StderrLine: {'line': b'      |                                       \x1b[01;31m\x1b[K^~~~~~~~~\x1b[m\x1b[K\n'}
[3.400484] (easy_bot) StderrLine: {'line': b'\x1b[01m\x1b[K/home/kmra/ros2/easy_bot/ros_ws/src/easy_bot/hardware/easy_bot.cpp:\x1b[m\x1b[K In lambda function:\n'}
[3.400573] (easy_bot) StderrLine: {'line': b'\x1b[01m\x1b[K/home/kmra/ros2/easy_bot/ros_ws/src/easy_bot/hardware/easy_bot.cpp:172:3:\x1b[m\x1b[K \x1b[01;31m\x1b[Kerror: \x1b[m\x1b[K\xe2\x80\x98\x1b[01m\x1b[Kc\x1b[m\x1b[K\xe2\x80\x99 was not declared in this scope\n'}
[3.400620] (easy_bot) StderrLine: {'line': b'  172 |   \x1b[01;31m\x1b[KRCLCPP_INFO_THROTTLE\x1b[m\x1b[K(get_logger(), *get_clock(), 500, "%s", ss.str().c_str());\n'}
[3.400651] (easy_bot) StderrLine: {'line': b'      |   \x1b[01;31m\x1b[K^~~~~~~~~~~~~~~~~~~~\x1b[m\x1b[K\n'}
[3.412728] (easy_bot) StderrLine: {'line': b'\x1b[01m\x1b[K/home/kmra/ros2/easy_bot/ros_ws/src/easy_bot/hardware/easy_bot.cpp:\x1b[m\x1b[K In member function \xe2\x80\x98\x1b[01m\x1b[Kvirtual hardware_interface::return_type easy_bot::EasyBotHardware::write(const rclcpp::Time&, const rclcpp::Duration&)\x1b[m\x1b[K\xe2\x80\x99:\n'}
[3.412879] (easy_bot) StderrLine: {'line': b'\x1b[01m\x1b[K/home/kmra/ros2/easy_bot/ros_ws/src/easy_bot/hardware/easy_bot.cpp:185:37:\x1b[m\x1b[K \x1b[01;31m\x1b[Kerror: \x1b[m\x1b[K\xe2\x80\x98\x1b[01m\x1b[Kjoint_command_interfaces_\x1b[m\x1b[K\xe2\x80\x99 was not declared in this scope; did you mean \xe2\x80\x98\x1b[01m\x1b[Kexport_command_interfaces\x1b[m\x1b[K\xe2\x80\x99?\n'}
[3.412920] (easy_bot) StderrLine: {'line': b'  185 |   for (const auto & [name, descr] : \x1b[01;31m\x1b[Kjoint_command_interfaces_\x1b[m\x1b[K)\n'}
[3.412953] (easy_bot) StderrLine: {'line': b'      |                                     \x1b[01;31m\x1b[K^~~~~~~~~~~~~~~~~~~~~~~~~\x1b[m\x1b[K\n'}
[3.412982] (easy_bot) StderrLine: {'line': b'      |                                     \x1b[32m\x1b[Kexport_command_interfaces\x1b[m\x1b[K\n'}
[3.417174] (easy_bot) StderrLine: {'line': b'\x1b[01m\x1b[K/home/kmra/ros2/easy_bot/ros_ws/src/easy_bot/hardware/easy_bot.cpp:189:19:\x1b[m\x1b[K \x1b[01;31m\x1b[Kerror: \x1b[m\x1b[K\xe2\x80\x98\x1b[01m\x1b[Kget_command\x1b[m\x1b[K\xe2\x80\x99 was not declared in this scope\n'}
[3.417293] (easy_bot) StderrLine: {'line': b'  189 |        << "\\t" << \x1b[01;31m\x1b[Kget_command\x1b[m\x1b[K(name) << " for joint \'" << name << "\'";\n'}
[3.417333] (easy_bot) StderrLine: {'line': b'      |                   \x1b[01;31m\x1b[K^~~~~~~~~~~\x1b[m\x1b[K\n'}
[3.419756] (easy_bot) StderrLine: {'line': b'In file included from \x1b[01m\x1b[K/opt/ros/humble/include/rclcpp/rclcpp/client.hpp:40\x1b[m\x1b[K,\n'}
[3.419850] (easy_bot) StderrLine: {'line': b'                 from \x1b[01m\x1b[K/opt/ros/humble/include/rclcpp/rclcpp/callback_group.hpp:24\x1b[m\x1b[K,\n'}
[3.419926] (easy_bot) StderrLine: {'line': b'                 from \x1b[01m\x1b[K/opt/ros/humble/include/rclcpp/rclcpp/any_executable.hpp:20\x1b[m\x1b[K,\n'}
[3.419959] (easy_bot) StderrLine: {'line': b'                 from \x1b[01m\x1b[K/opt/ros/humble/include/rclcpp/rclcpp/memory_strategy.hpp:25\x1b[m\x1b[K,\n'}
[3.419989] (easy_bot) StderrLine: {'line': b'                 from \x1b[01m\x1b[K/opt/ros/humble/include/rclcpp/rclcpp/memory_strategies.hpp:18\x1b[m\x1b[K,\n'}
[3.420018] (easy_bot) StderrLine: {'line': b'                 from \x1b[01m\x1b[K/opt/ros/humble/include/rclcpp/rclcpp/executor_options.hpp:20\x1b[m\x1b[K,\n'}
[3.420062] (easy_bot) StderrLine: {'line': b'                 from \x1b[01m\x1b[K/opt/ros/humble/include/rclcpp/rclcpp/executor.hpp:37\x1b[m\x1b[K,\n'}
[3.420093] (easy_bot) StderrLine: {'line': b'                 from \x1b[01m\x1b[K/opt/ros/humble/include/rclcpp/rclcpp/executors/multi_threaded_executor.hpp:25\x1b[m\x1b[K,\n'}
[3.420122] (easy_bot) StderrLine: {'line': b'                 from \x1b[01m\x1b[K/opt/ros/humble/include/rclcpp/rclcpp/executors.hpp:21\x1b[m\x1b[K,\n'}
[3.420150] (easy_bot) StderrLine: {'line': b'                 from \x1b[01m\x1b[K/opt/ros/humble/include/rclcpp/rclcpp/rclcpp.hpp:155\x1b[m\x1b[K,\n'}
[3.420177] (easy_bot) StderrLine: {'line': b'                 from \x1b[01m\x1b[K/home/kmra/ros2/easy_bot/ros_ws/src/easy_bot/hardware/easy_bot.cpp:27\x1b[m\x1b[K:\n'}
[3.420204] (easy_bot) StderrLine: {'line': b'\x1b[01m\x1b[K/home/kmra/ros2/easy_bot/ros_ws/src/easy_bot/hardware/easy_bot.cpp:191:24:\x1b[m\x1b[K \x1b[01;31m\x1b[Kerror: \x1b[m\x1b[K\xe2\x80\x98\x1b[01m\x1b[Kget_logger\x1b[m\x1b[K\xe2\x80\x99 was not declared in this scope; did you mean \xe2\x80\x98\x1b[01m\x1b[Krclcpp::get_logger\x1b[m\x1b[K\xe2\x80\x99?\n'}
[3.420233] (easy_bot) StderrLine: {'line': b'  191 |   RCLCPP_INFO_THROTTLE(\x1b[01;31m\x1b[Kget_logger\x1b[m\x1b[K(), *get_clock(), 500, "%s", ss.str().c_str());\n'}
[3.420260] (easy_bot) StderrLine: {'line': b'      |                        \x1b[01;31m\x1b[K^~~~~~~~~~\x1b[m\x1b[K\n'}
[3.420286] (easy_bot) StderrLine: {'line': b'In file included from \x1b[01m\x1b[K/opt/ros/humble/include/rclcpp/rclcpp/logging.hpp:23\x1b[m\x1b[K,\n'}
[3.420313] (easy_bot) StderrLine: {'line': b'                 from \x1b[01m\x1b[K/opt/ros/humble/include/rclcpp/rclcpp/client.hpp:40\x1b[m\x1b[K,\n'}
[3.420340] (easy_bot) StderrLine: {'line': b'                 from \x1b[01m\x1b[K/opt/ros/humble/include/rclcpp/rclcpp/callback_group.hpp:24\x1b[m\x1b[K,\n'}
[3.420365] (easy_bot) StderrLine: {'line': b'                 from \x1b[01m\x1b[K/opt/ros/humble/include/rclcpp/rclcpp/any_executable.hpp:20\x1b[m\x1b[K,\n'}
[3.420419] (easy_bot) StderrLine: {'line': b'                 from \x1b[01m\x1b[K/opt/ros/humble/include/rclcpp/rclcpp/memory_strategy.hpp:25\x1b[m\x1b[K,\n'}
[3.420446] (easy_bot) StderrLine: {'line': b'                 from \x1b[01m\x1b[K/opt/ros/humble/include/rclcpp/rclcpp/memory_strategies.hpp:18\x1b[m\x1b[K,\n'}
[3.420472] (easy_bot) StderrLine: {'line': b'                 from \x1b[01m\x1b[K/opt/ros/humble/include/rclcpp/rclcpp/executor_options.hpp:20\x1b[m\x1b[K,\n'}
[3.420499] (easy_bot) StderrLine: {'line': b'                 from \x1b[01m\x1b[K/opt/ros/humble/include/rclcpp/rclcpp/executor.hpp:37\x1b[m\x1b[K,\n'}
[3.420527] (easy_bot) StderrLine: {'line': b'                 from \x1b[01m\x1b[K/opt/ros/humble/include/rclcpp/rclcpp/executors/multi_threaded_executor.hpp:25\x1b[m\x1b[K,\n'}
[3.420553] (easy_bot) StderrLine: {'line': b'                 from \x1b[01m\x1b[K/opt/ros/humble/include/rclcpp/rclcpp/executors.hpp:21\x1b[m\x1b[K,\n'}
[3.420579] (easy_bot) StderrLine: {'line': b'                 from \x1b[01m\x1b[K/opt/ros/humble/include/rclcpp/rclcpp/rclcpp.hpp:155\x1b[m\x1b[K,\n'}
[3.420610] (easy_bot) StderrLine: {'line': b'                 from \x1b[01m\x1b[K/home/kmra/ros2/easy_bot/ros_ws/src/easy_bot/hardware/easy_bot.cpp:27\x1b[m\x1b[K:\n'}
[3.420637] (easy_bot) StderrLine: {'line': b'\x1b[01m\x1b[K/opt/ros/humble/include/rclcpp/rclcpp/logger.hpp:106:17:\x1b[m\x1b[K \x1b[01;36m\x1b[Knote: \x1b[m\x1b[K\xe2\x80\x98\x1b[01m\x1b[Krclcpp::get_logger\x1b[m\x1b[K\xe2\x80\x99 declared here\n'}
[3.420663] (easy_bot) StderrLine: {'line': b'  106 |   friend Logger \x1b[01;36m\x1b[Krclcpp\x1b[m\x1b[K::get_logger(const std::string & name);\n'}
[3.420690] (easy_bot) StderrLine: {'line': b'      |                 \x1b[01;36m\x1b[K^~~~~~\x1b[m\x1b[K\n'}
[3.420716] (easy_bot) StderrLine: {'line': b'In file included from \x1b[01m\x1b[K/opt/ros/humble/include/rclcpp/rclcpp/client.hpp:40\x1b[m\x1b[K,\n'}
[3.420746] (easy_bot) StderrLine: {'line': b'                 from \x1b[01m\x1b[K/opt/ros/humble/include/rclcpp/rclcpp/callback_group.hpp:24\x1b[m\x1b[K,\n'}
[3.420772] (easy_bot) StderrLine: {'line': b'                 from \x1b[01m\x1b[K/opt/ros/humble/include/rclcpp/rclcpp/any_executable.hpp:20\x1b[m\x1b[K,\n'}
[3.420800] (easy_bot) StderrLine: {'line': b'                 from \x1b[01m\x1b[K/opt/ros/humble/include/rclcpp/rclcpp/memory_strategy.hpp:25\x1b[m\x1b[K,\n'}
[3.420827] (easy_bot) StderrLine: {'line': b'                 from \x1b[01m\x1b[K/opt/ros/humble/include/rclcpp/rclcpp/memory_strategies.hpp:18\x1b[m\x1b[K,\n'}
[3.420853] (easy_bot) StderrLine: {'line': b'                 from \x1b[01m\x1b[K/opt/ros/humble/include/rclcpp/rclcpp/executor_options.hpp:20\x1b[m\x1b[K,\n'}
[3.420906] (easy_bot) StderrLine: {'line': b'                 from \x1b[01m\x1b[K/opt/ros/humble/include/rclcpp/rclcpp/executor.hpp:37\x1b[m\x1b[K,\n'}
[3.420934] (easy_bot) StderrLine: {'line': b'                 from \x1b[01m\x1b[K/opt/ros/humble/include/rclcpp/rclcpp/executors/multi_threaded_executor.hpp:25\x1b[m\x1b[K,\n'}
[3.420961] (easy_bot) StderrLine: {'line': b'                 from \x1b[01m\x1b[K/opt/ros/humble/include/rclcpp/rclcpp/executors.hpp:21\x1b[m\x1b[K,\n'}
[3.420988] (easy_bot) StderrLine: {'line': b'                 from \x1b[01m\x1b[K/opt/ros/humble/include/rclcpp/rclcpp/rclcpp.hpp:155\x1b[m\x1b[K,\n'}
[3.421015] (easy_bot) StderrLine: {'line': b'                 from \x1b[01m\x1b[K/home/kmra/ros2/easy_bot/ros_ws/src/easy_bot/hardware/easy_bot.cpp:27\x1b[m\x1b[K:\n'}
[3.421040] (easy_bot) StderrLine: {'line': b'\x1b[01m\x1b[K/home/kmra/ros2/easy_bot/ros_ws/src/easy_bot/hardware/easy_bot.cpp:191:3:\x1b[m\x1b[K \x1b[01;31m\x1b[Kerror: \x1b[m\x1b[Ktemplate argument 1 is invalid\n'}
[3.421104] (easy_bot) StderrLine: {'line': b'  191 |   \x1b[01;31m\x1b[KRCLCPP_INFO_THROTTLE\x1b[m\x1b[K(get_logger(), *get_clock(), 500, "%s", ss.str().c_str());\n'}
[3.421135] (easy_bot) StderrLine: {'line': b'      |   \x1b[01;31m\x1b[K^~~~~~~~~~~~~~~~~~~~\x1b[m\x1b[K\n'}
[3.422292] (easy_bot) StderrLine: {'line': b'\x1b[01m\x1b[K/home/kmra/ros2/easy_bot/ros_ws/src/easy_bot/hardware/easy_bot.cpp:191:39:\x1b[m\x1b[K \x1b[01;31m\x1b[Kerror: \x1b[m\x1b[K\xe2\x80\x98\x1b[01m\x1b[Kget_clock\x1b[m\x1b[K\xe2\x80\x99 was not declared in this scope\n'}
[3.422366] (easy_bot) StderrLine: {'line': b'  191 |   RCLCPP_INFO_THROTTLE(get_logger(), *\x1b[01;31m\x1b[Kget_clock\x1b[m\x1b[K(), 500, "%s", ss.str().c_str());\n'}
[3.422404] (easy_bot) StderrLine: {'line': b'      |                                       \x1b[01;31m\x1b[K^~~~~~~~~\x1b[m\x1b[K\n'}
[3.425244] (easy_bot) StderrLine: {'line': b'\x1b[01m\x1b[K/home/kmra/ros2/easy_bot/ros_ws/src/easy_bot/hardware/easy_bot.cpp:\x1b[m\x1b[K In lambda function:\n'}
[3.425322] (easy_bot) StderrLine: {'line': b'\x1b[01m\x1b[K/home/kmra/ros2/easy_bot/ros_ws/src/easy_bot/hardware/easy_bot.cpp:191:3:\x1b[m\x1b[K \x1b[01;31m\x1b[Kerror: \x1b[m\x1b[K\xe2\x80\x98\x1b[01m\x1b[Kc\x1b[m\x1b[K\xe2\x80\x99 was not declared in this scope\n'}
[3.425361] (easy_bot) StderrLine: {'line': b'  191 |   \x1b[01;31m\x1b[KRCLCPP_INFO_THROTTLE\x1b[m\x1b[K(get_logger(), *get_clock(), 500, "%s", ss.str().c_str());\n'}
[3.425392] (easy_bot) StderrLine: {'line': b'      |   \x1b[01;31m\x1b[K^~~~~~~~~~~~~~~~~~~~\x1b[m\x1b[K\n'}
[3.437282] (-) TimerEvent: {}
[3.539339] (-) TimerEvent: {}
[3.640812] (-) TimerEvent: {}
[3.745762] (-) TimerEvent: {}
[3.807554] (easy_bot) StderrLine: {'line': b'In file included from \x1b[01m\x1b[K/opt/ros/humble/include/class_loader/class_loader/class_loader_core.hpp:57\x1b[m\x1b[K,\n'}
[3.807752] (easy_bot) StderrLine: {'line': b'                 from \x1b[01m\x1b[K/opt/ros/humble/include/class_loader/class_loader/class_loader.hpp:55\x1b[m\x1b[K,\n'}
[3.807794] (easy_bot) StderrLine: {'line': b'                 from \x1b[01m\x1b[K/opt/ros/humble/include/pluginlib/pluginlib/class_list_macros.hpp:40\x1b[m\x1b[K,\n'}
[3.807828] (easy_bot) StderrLine: {'line': b'                 from \x1b[01m\x1b[K/home/kmra/ros2/easy_bot/ros_ws/src/easy_bot/hardware/easy_bot.cpp:199\x1b[m\x1b[K:\n'}
[3.807868] (easy_bot) StderrLine: {'line': b'/opt/ros/humble/include/class_loader/class_loader/meta_object.hpp: In instantiation of \xe2\x80\x98\x1b[01m\x1b[KB* class_loader::impl::MetaObject<C, B>::create() const [with C = easy_bot::EasyBotHardware; B = hardware_interface::SystemInterface]\x1b[m\x1b[K\xe2\x80\x99:\n'}
[3.807909] (easy_bot) StderrLine: {'line': b'\x1b[01m\x1b[K/opt/ros/humble/include/class_loader/class_loader/meta_object.hpp:216:7:\x1b[m\x1b[K   required from here\n'}
[3.807936] (easy_bot) StderrLine: {'line': b'\x1b[01m\x1b[K/opt/ros/humble/include/class_loader/class_loader/meta_object.hpp:218:12:\x1b[m\x1b[K \x1b[01;31m\x1b[Kerror: \x1b[m\x1b[Kinvalid new-expression of abstract class type \xe2\x80\x98\x1b[01m\x1b[Keasy_bot::EasyBotHardware\x1b[m\x1b[K\xe2\x80\x99\n'}
[3.807967] (easy_bot) StderrLine: {'line': b'  218 |     return \x1b[01;31m\x1b[Knew C\x1b[m\x1b[K;\n'}
[3.808010] (easy_bot) StderrLine: {'line': b'      |            \x1b[01;31m\x1b[K^~~~~\x1b[m\x1b[K\n'}
[3.808045] (easy_bot) StderrLine: {'line': b'In file included from \x1b[01m\x1b[K/home/kmra/ros2/easy_bot/ros_ws/src/easy_bot/hardware/easy_bot.cpp:15\x1b[m\x1b[K:\n'}
[3.808073] (easy_bot) StderrLine: {'line': b'\x1b[01m\x1b[K/home/kmra/ros2/easy_bot/ros_ws/src/easy_bot/hardware/include/easy_bot.hpp:32:7:\x1b[m\x1b[K \x1b[01;36m\x1b[Knote: \x1b[m\x1b[K  because the following virtual functions are pure within \xe2\x80\x98\x1b[01m\x1b[Keasy_bot::EasyBotHardware\x1b[m\x1b[K\xe2\x80\x99:\n'}
[3.808103] (easy_bot) StderrLine: {'line': b'   32 | class \x1b[01;36m\x1b[KEasyBotHardware\x1b[m\x1b[K : public hardware_interface::SystemInterface\n'}
[3.808133] (easy_bot) StderrLine: {'line': b'      |       \x1b[01;36m\x1b[K^~~~~~~~~~~~~~~\x1b[m\x1b[K\n'}
[3.808159] (easy_bot) StderrLine: {'line': b'In file included from \x1b[01m\x1b[K/home/kmra/ros2/easy_bot/ros_ws/src/easy_bot/hardware/include/easy_bot.hpp:24\x1b[m\x1b[K,\n'}
[3.808185] (easy_bot) StderrLine: {'line': b'                 from \x1b[01m\x1b[K/home/kmra/ros2/easy_bot/ros_ws/src/easy_bot/hardware/easy_bot.cpp:15\x1b[m\x1b[K:\n'}
[3.808211] (easy_bot) StderrLine: {'line': b'\x1b[01m\x1b[K/opt/ros/humble/include/hardware_interface/hardware_interface/system_interface.hpp:126:39:\x1b[m\x1b[K \x1b[01;36m\x1b[Knote: \x1b[m\x1b[K    \xe2\x80\x98\x1b[01m\x1b[Kvirtual std::vector<hardware_interface::StateInterface> hardware_interface::SystemInterface::export_state_interfaces()\x1b[m\x1b[K\xe2\x80\x99\n'}
[3.808240] (easy_bot) StderrLine: {'line': b'  126 |   virtual std::vector<StateInterface> \x1b[01;36m\x1b[Kexport_state_interfaces\x1b[m\x1b[K() = 0;\n'}
[3.808266] (easy_bot) StderrLine: {'line': b'      |                                       \x1b[01;36m\x1b[K^~~~~~~~~~~~~~~~~~~~~~~\x1b[m\x1b[K\n'}
[3.808292] (easy_bot) StderrLine: {'line': b'\x1b[01m\x1b[K/opt/ros/humble/include/hardware_interface/hardware_interface/system_interface.hpp:137:41:\x1b[m\x1b[K \x1b[01;36m\x1b[Knote: \x1b[m\x1b[K    \xe2\x80\x98\x1b[01m\x1b[Kvirtual std::vector<hardware_interface::CommandInterface> hardware_interface::SystemInterface::export_command_interfaces()\x1b[m\x1b[K\xe2\x80\x99\n'}
[3.808319] (easy_bot) StderrLine: {'line': b'  137 |   virtual std::vector<CommandInterface> \x1b[01;36m\x1b[Kexport_command_interfaces\x1b[m\x1b[K() = 0;\n'}
[3.808346] (easy_bot) StderrLine: {'line': b'      |                                         \x1b[01;36m\x1b[K^~~~~~~~~~~~~~~~~~~~~~~~~\x1b[m\x1b[K\n'}
[3.847056] (-) TimerEvent: {}
[3.891724] (easy_bot) StderrLine: {'line': b'gmake[2]: *** [CMakeFiles/easy_bot_hardware.dir/build.make:76\xef\xbc\x9aCMakeFiles/easy_bot_hardware.dir/hardware/easy_bot.cpp.o] \xe9\x94\x99\xe8\xaf\xaf 1\n'}
[3.891930] (easy_bot) StderrLine: {'line': b'gmake[1]: *** [CMakeFiles/Makefile2:137\xef\xbc\x9aCMakeFiles/easy_bot_hardware.dir/all] \xe9\x94\x99\xe8\xaf\xaf 2\n'}
[3.892206] (easy_bot) StderrLine: {'line': b'gmake: *** [Makefile:146\xef\xbc\x9aall] \xe9\x94\x99\xe8\xaf\xaf 2\n'}
[3.895989] (easy_bot) CommandEnded: {'returncode': 2}
[3.918567] (easy_bot) JobEnded: {'identifier': 'easy_bot', 'rc': 2}
[3.922446] (-) EventReactorShutdown: {}
